timestamp,commit,os,arch,threads,operation,scenario,size,time_us
1783898328,38cdd56a,macos,aarch64,3,flatten,baseline,small,1.266
1783898328,38cdd56a,macos,aarch64,3,flatten,baseline,medium,2.230
1783898328,38cdd56a,macos,aarch64,3,flatten,baseline,large,3.285
1783898328,38cdd56a,macos,aarch64,3,flatten,all_transforms,medium,12.540
1783898328,38cdd56a,macos,aarch64,3,flatten,regex_replacements,medium,7.238
1783898328,38cdd56a,macos,aarch64,3,unflatten,baseline,medium,11.645
1783898328,38cdd56a,macos,aarch64,3,normal,baseline,medium,4.695
1783898328,38cdd56a,macos,aarch64,3,roundtrip,baseline,medium,11.617
1783898328,38cdd56a,macos,aarch64,3,batch_flatten,parallel,10,60.734
1783898328,38cdd56a,macos,aarch64,3,batch_flatten,parallel,100,108.290
1783898328,38cdd56a,macos,aarch64,3,batch_flatten,sequential,100,115.306
1783898495,38cdd56a,windows,x86_64,4,flatten,baseline,small,1.855
1783898495,38cdd56a,windows,x86_64,4,flatten,baseline,medium,3.303
1783898495,38cdd56a,windows,x86_64,4,flatten,baseline,large,5.226
1783898495,38cdd56a,windows,x86_64,4,flatten,all_transforms,medium,20.948
1783898495,38cdd56a,windows,x86_64,4,flatten,regex_replacements,medium,11.611
1783898495,38cdd56a,windows,x86_64,4,unflatten,baseline,medium,19.707
1783898495,38cdd56a,windows,x86_64,4,normal,baseline,medium,7.779
1783898495,38cdd56a,windows,x86_64,4,roundtrip,baseline,medium,19.091
1783898495,38cdd56a,windows,x86_64,4,batch_flatten,parallel,10,367.519
1783898495,38cdd56a,windows,x86_64,4,batch_flatten,parallel,100,425.444
1783898495,38cdd56a,windows,x86_64,4,batch_flatten,sequential,100,179.607
1783898395,38cdd56a,linux,x86_64,4,flatten,baseline,small,1.619
1783898395,38cdd56a,linux,x86_64,4,flatten,baseline,medium,2.992
1783898395,38cdd56a,linux,x86_64,4,flatten,baseline,large,4.486
1783898395,38cdd56a,linux,x86_64,4,flatten,all_transforms,medium,17.305
1783898395,38cdd56a,linux,x86_64,4,flatten,regex_replacements,medium,9.740
1783898395,38cdd56a,linux,x86_64,4,unflatten,baseline,medium,16.036
1783898395,38cdd56a,linux,x86_64,4,normal,baseline,medium,6.493
1783898395,38cdd56a,linux,x86_64,4,roundtrip,baseline,medium,15.938
1783898395,38cdd56a,linux,x86_64,4,batch_flatten,parallel,10,183.404
1783898395,38cdd56a,linux,x86_64,4,batch_flatten,parallel,100,242.068
1783898395,38cdd56a,linux,x86_64,4,batch_flatten,sequential,100,156.168
1783901649,231931b5,macos,aarch64,3,flatten,baseline,small,1.332
1783901649,231931b5,macos,aarch64,3,flatten,baseline,medium,2.285
1783901649,231931b5,macos,aarch64,3,flatten,baseline,large,3.385
1783901649,231931b5,macos,aarch64,3,flatten,all_transforms,medium,12.578
1783901649,231931b5,macos,aarch64,3,flatten,regex_replacements,medium,6.900
1783901649,231931b5,macos,aarch64,3,unflatten,baseline,medium,14.005
1783901649,231931b5,macos,aarch64,3,normal,baseline,medium,4.881
1783901649,231931b5,macos,aarch64,3,roundtrip,baseline,medium,11.447
1783901649,231931b5,macos,aarch64,3,batch_flatten,parallel,10,51.433
1783901649,231931b5,macos,aarch64,3,batch_flatten,parallel,100,96.560
1783901649,231931b5,macos,aarch64,3,batch_flatten,sequential,100,114.030
1783901719,231931b5,windows,x86_64,4,flatten,baseline,small,1.666
1783901719,231931b5,windows,x86_64,4,flatten,baseline,medium,3.274
1783901719,231931b5,windows,x86_64,4,flatten,baseline,large,4.485
1783901719,231931b5,windows,x86_64,4,flatten,all_transforms,medium,20.709
1783901719,231931b5,windows,x86_64,4,flatten,regex_replacements,medium,11.647
1783901719,231931b5,windows,x86_64,4,unflatten,baseline,medium,20.720
1783901719,231931b5,windows,x86_64,4,normal,baseline,medium,11.945
1783901719,231931b5,windows,x86_64,4,roundtrip,baseline,medium,19.212
1783901719,231931b5,windows,x86_64,4,batch_flatten,parallel,10,355.821
1783901719,231931b5,windows,x86_64,4,batch_flatten,parallel,100,445.652
1783901719,231931b5,windows,x86_64,4,batch_flatten,sequential,100,151.732
1783901648,231931b5,linux,x86_64,4,flatten,baseline,small,2.088
1783901648,231931b5,linux,x86_64,4,flatten,baseline,medium,3.842
1783901648,231931b5,linux,x86_64,4,flatten,baseline,large,5.487
1783901648,231931b5,linux,x86_64,4,flatten,all_transforms,medium,18.550
1783901648,231931b5,linux,x86_64,4,flatten,regex_replacements,medium,10.486
1783901648,231931b5,linux,x86_64,4,unflatten,baseline,medium,17.046
1783901648,231931b5,linux,x86_64,4,normal,baseline,medium,7.656
1783901648,231931b5,linux,x86_64,4,roundtrip,baseline,medium,18.266
1783901648,231931b5,linux,x86_64,4,batch_flatten,parallel,10,195.593
1783901648,231931b5,linux,x86_64,4,batch_flatten,parallel,100,259.663
1783901648,231931b5,linux,x86_64,4,batch_flatten,sequential,100,199.763
1783920985,b39938c9,macos,aarch64,3,flatten,baseline,small,1.346
1783920985,b39938c9,macos,aarch64,3,flatten,baseline,medium,2.291
1783920985,b39938c9,macos,aarch64,3,flatten,baseline,large,3.409
1783920985,b39938c9,macos,aarch64,3,flatten,all_transforms,medium,12.474
1783920985,b39938c9,macos,aarch64,3,flatten,regex_replacements,medium,7.132
1783920985,b39938c9,macos,aarch64,3,unflatten,baseline,medium,13.818
1783920985,b39938c9,macos,aarch64,3,normal,baseline,medium,5.105
1783920985,b39938c9,macos,aarch64,3,roundtrip,baseline,medium,12.061
1783920985,b39938c9,macos,aarch64,3,batch_flatten,parallel,10,16.648
1783920985,b39938c9,macos,aarch64,3,batch_flatten,parallel,100,66.304
1783920985,b39938c9,macos,aarch64,3,batch_flatten,sequential,100,123.793
1783921060,b39938c9,windows,x86_64,4,flatten,baseline,small,2.299
1783921060,b39938c9,windows,x86_64,4,flatten,baseline,medium,4.356
1783921060,b39938c9,windows,x86_64,4,flatten,baseline,large,6.065
1783921060,b39938c9,windows,x86_64,4,flatten,all_transforms,medium,21.408
1783921060,b39938c9,windows,x86_64,4,flatten,regex_replacements,medium,11.833
1783921060,b39938c9,windows,x86_64,4,unflatten,baseline,medium,20.646
1783921060,b39938c9,windows,x86_64,4,normal,baseline,medium,8.902
1783921060,b39938c9,windows,x86_64,4,roundtrip,baseline,medium,20.629
1783921060,b39938c9,windows,x86_64,4,batch_flatten,parallel,10,50.438
1783921060,b39938c9,windows,x86_64,4,batch_flatten,parallel,100,146.651
1783921060,b39938c9,windows,x86_64,4,batch_flatten,sequential,100,179.829
1783920982,b39938c9,linux,x86_64,4,flatten,baseline,small,1.478
1783920982,b39938c9,linux,x86_64,4,flatten,baseline,medium,3.031
1783920982,b39938c9,linux,x86_64,4,flatten,baseline,large,4.286
1783920982,b39938c9,linux,x86_64,4,flatten,all_transforms,medium,17.329
1783920982,b39938c9,linux,x86_64,4,flatten,regex_replacements,medium,9.422
1783920982,b39938c9,linux,x86_64,4,unflatten,baseline,medium,15.811
1783920982,b39938c9,linux,x86_64,4,normal,baseline,medium,6.173
1783920982,b39938c9,linux,x86_64,4,roundtrip,baseline,medium,15.671
1783920982,b39938c9,linux,x86_64,4,batch_flatten,parallel,10,22.930
1783920982,b39938c9,linux,x86_64,4,batch_flatten,parallel,100,125.555
1783920982,b39938c9,linux,x86_64,4,batch_flatten,sequential,100,151.279
1783927473,67644727,macos,aarch64,3,flatten,baseline,small,1.532
1783927473,67644727,macos,aarch64,3,flatten,baseline,medium,2.527
1783927473,67644727,macos,aarch64,3,flatten,baseline,large,3.877
1783927473,67644727,macos,aarch64,3,flatten,all_transforms,medium,14.225
1783927473,67644727,macos,aarch64,3,flatten,regex_replacements,medium,8.613
1783927473,67644727,macos,aarch64,3,unflatten,baseline,medium,14.423
1783927473,67644727,macos,aarch64,3,normal,baseline,medium,6.271
1783927473,67644727,macos,aarch64,3,roundtrip,baseline,medium,17.799
1783927473,67644727,macos,aarch64,3,batch_flatten,parallel,10,32.471
1783927473,67644727,macos,aarch64,3,batch_flatten,parallel,100,118.222
1783927473,67644727,macos,aarch64,3,batch_flatten,sequential,100,154.645
1783927519,67644727,windows,x86_64,4,flatten,baseline,small,2.359
1783927519,67644727,windows,x86_64,4,flatten,baseline,medium,4.322
1783927519,67644727,windows,x86_64,4,flatten,baseline,large,6.256
1783927519,67644727,windows,x86_64,4,flatten,all_transforms,medium,21.586
1783927519,67644727,windows,x86_64,4,flatten,regex_replacements,medium,11.820
1783927519,67644727,windows,x86_64,4,unflatten,baseline,medium,20.928
1783927519,67644727,windows,x86_64,4,normal,baseline,medium,8.773
1783927519,67644727,windows,x86_64,4,roundtrip,baseline,medium,20.676
1783927519,67644727,windows,x86_64,4,batch_flatten,parallel,10,53.044
1783927519,67644727,windows,x86_64,4,batch_flatten,parallel,100,149.902
1783927519,67644727,windows,x86_64,4,batch_flatten,sequential,100,194.654
1783927498,67644727,linux,x86_64,4,flatten,baseline,small,1.741
1783927498,67644727,linux,x86_64,4,flatten,baseline,medium,3.236
1783927498,67644727,linux,x86_64,4,flatten,baseline,large,5.317
1783927498,67644727,linux,x86_64,4,flatten,all_transforms,medium,18.393
1783927498,67644727,linux,x86_64,4,flatten,regex_replacements,medium,10.568
1783927498,67644727,linux,x86_64,4,unflatten,baseline,medium,16.753
1783927498,67644727,linux,x86_64,4,normal,baseline,medium,7.625
1783927498,67644727,linux,x86_64,4,roundtrip,baseline,medium,17.460
1783927498,67644727,linux,x86_64,4,batch_flatten,parallel,10,21.280
1783927498,67644727,linux,x86_64,4,batch_flatten,parallel,100,101.613
1783927498,67644727,linux,x86_64,4,batch_flatten,sequential,100,168.242
1783939855,3d83bfb5,macos,aarch64,3,flatten,baseline,small,2.182
1783939855,3d83bfb5,macos,aarch64,3,flatten,baseline,medium,2.430
1783939855,3d83bfb5,macos,aarch64,3,flatten,baseline,large,3.658
1783939855,3d83bfb5,macos,aarch64,3,flatten,all_transforms,medium,10.630
1783939855,3d83bfb5,macos,aarch64,3,flatten,regex_replacements,medium,8.784
1783939855,3d83bfb5,macos,aarch64,3,unflatten,baseline,medium,14.976
1783939855,3d83bfb5,macos,aarch64,3,normal,baseline,medium,5.502
1783939855,3d83bfb5,macos,aarch64,3,roundtrip,baseline,medium,13.442
1783939855,3d83bfb5,macos,aarch64,3,batch_flatten,parallel,10,22.070
1783939855,3d83bfb5,macos,aarch64,3,batch_flatten,parallel,100,82.184
1783939855,3d83bfb5,macos,aarch64,3,batch_flatten,sequential,100,125.030
1783939987,3d83bfb5,windows,x86_64,4,flatten,baseline,small,2.051
1783939987,3d83bfb5,windows,x86_64,4,flatten,baseline,medium,3.729
1783939987,3d83bfb5,windows,x86_64,4,flatten,baseline,large,5.559
1783939987,3d83bfb5,windows,x86_64,4,flatten,all_transforms,medium,16.974
1783939987,3d83bfb5,windows,x86_64,4,flatten,regex_replacements,medium,12.031
1783939987,3d83bfb5,windows,x86_64,4,unflatten,baseline,medium,20.440
1783939987,3d83bfb5,windows,x86_64,4,normal,baseline,medium,8.700
1783939987,3d83bfb5,windows,x86_64,4,roundtrip,baseline,medium,20.180
1783939987,3d83bfb5,windows,x86_64,4,batch_flatten,parallel,10,53.302
1783939987,3d83bfb5,windows,x86_64,4,batch_flatten,parallel,100,149.876
1783939987,3d83bfb5,windows,x86_64,4,batch_flatten,sequential,100,188.354
1783939877,3d83bfb5,linux,x86_64,4,flatten,baseline,small,2.030
1783939877,3d83bfb5,linux,x86_64,4,flatten,baseline,medium,3.935
1783939877,3d83bfb5,linux,x86_64,4,flatten,baseline,large,5.696
1783939877,3d83bfb5,linux,x86_64,4,flatten,all_transforms,medium,15.748
1783939877,3d83bfb5,linux,x86_64,4,flatten,regex_replacements,medium,10.940
1783939877,3d83bfb5,linux,x86_64,4,unflatten,baseline,medium,17.665
1783939877,3d83bfb5,linux,x86_64,4,normal,baseline,medium,7.718
1783939877,3d83bfb5,linux,x86_64,4,roundtrip,baseline,medium,17.650
1783939877,3d83bfb5,linux,x86_64,4,batch_flatten,parallel,10,22.075
1783939877,3d83bfb5,linux,x86_64,4,batch_flatten,parallel,100,106.693
1783939877,3d83bfb5,linux,x86_64,4,batch_flatten,sequential,100,166.087
1783948270,01f9b195,macos,aarch64,3,flatten,baseline,small,1.369
1783948270,01f9b195,macos,aarch64,3,flatten,baseline,medium,2.315
1783948270,01f9b195,macos,aarch64,3,flatten,baseline,large,3.475
1783948270,01f9b195,macos,aarch64,3,flatten,all_transforms,medium,9.859
1783948270,01f9b195,macos,aarch64,3,flatten,regex_replacements,medium,7.094
1783948270,01f9b195,macos,aarch64,3,unflatten,baseline,medium,12.477
1783948270,01f9b195,macos,aarch64,3,normal,baseline,medium,4.942
1783948270,01f9b195,macos,aarch64,3,roundtrip,baseline,medium,11.909
1783948270,01f9b195,macos,aarch64,3,batch_flatten,parallel,10,14.787
1783948270,01f9b195,macos,aarch64,3,batch_flatten,parallel,100,71.312
1783948270,01f9b195,macos,aarch64,3,batch_flatten,sequential,100,124.215
1783948331,01f9b195,windows,x86_64,4,flatten,baseline,small,2.138
1783948331,01f9b195,windows,x86_64,4,flatten,baseline,medium,3.914
1783948331,01f9b195,windows,x86_64,4,flatten,baseline,large,5.591
1783948331,01f9b195,windows,x86_64,4,flatten,all_transforms,medium,17.653
1783948331,01f9b195,windows,x86_64,4,flatten,regex_replacements,medium,12.156
1783948331,01f9b195,windows,x86_64,4,unflatten,baseline,medium,20.615
1783948331,01f9b195,windows,x86_64,4,normal,baseline,medium,8.980
1783948331,01f9b195,windows,x86_64,4,roundtrip,baseline,medium,20.546
1783948331,01f9b195,windows,x86_64,4,batch_flatten,parallel,10,51.155
1783948331,01f9b195,windows,x86_64,4,batch_flatten,parallel,100,148.059
1783948331,01f9b195,windows,x86_64,4,batch_flatten,sequential,100,187.909
1783948256,01f9b195,linux,x86_64,4,flatten,baseline,small,1.580
1783948256,01f9b195,linux,x86_64,4,flatten,baseline,medium,2.851
1783948256,01f9b195,linux,x86_64,4,flatten,baseline,large,4.177
1783948256,01f9b195,linux,x86_64,4,flatten,all_transforms,medium,13.619
1783948256,01f9b195,linux,x86_64,4,flatten,regex_replacements,medium,9.334
1783948256,01f9b195,linux,x86_64,4,unflatten,baseline,medium,14.495
1783948256,01f9b195,linux,x86_64,4,normal,baseline,medium,6.628
1783948256,01f9b195,linux,x86_64,4,roundtrip,baseline,medium,14.458
1783948256,01f9b195,linux,x86_64,4,batch_flatten,parallel,10,20.840
1783948256,01f9b195,linux,x86_64,4,batch_flatten,parallel,100,119.776
1783948256,01f9b195,linux,x86_64,4,batch_flatten,sequential,100,152.414
1783973990,f683b2ef,macos,aarch64,3,flatten,baseline,small,1.405
1783973990,f683b2ef,macos,aarch64,3,flatten,baseline,medium,2.425
1783973990,f683b2ef,macos,aarch64,3,flatten,baseline,large,4.078
1783973990,f683b2ef,macos,aarch64,3,flatten,all_transforms,medium,16.119
1783973990,f683b2ef,macos,aarch64,3,flatten,regex_replacements,medium,9.393
1783973990,f683b2ef,macos,aarch64,3,unflatten,baseline,medium,14.823
1783973990,f683b2ef,macos,aarch64,3,normal,baseline,medium,5.614
1783973990,f683b2ef,macos,aarch64,3,roundtrip,baseline,medium,16.570
1783973990,f683b2ef,macos,aarch64,3,batch_flatten,parallel,10,58.507
1783973990,f683b2ef,macos,aarch64,3,batch_flatten,parallel,100,108.207
1783973990,f683b2ef,macos,aarch64,3,batch_flatten,sequential,100,132.514
1783974071,f683b2ef,windows,x86_64,4,flatten,baseline,small,2.081
1783974071,f683b2ef,windows,x86_64,4,flatten,baseline,medium,3.732
1783974071,f683b2ef,windows,x86_64,4,flatten,baseline,large,5.505
1783974071,f683b2ef,windows,x86_64,4,flatten,all_transforms,medium,17.897
1783974071,f683b2ef,windows,x86_64,4,flatten,regex_replacements,medium,12.115
1783974071,f683b2ef,windows,x86_64,4,unflatten,baseline,medium,21.359
1783974071,f683b2ef,windows,x86_64,4,normal,baseline,medium,8.802
1783974071,f683b2ef,windows,x86_64,4,roundtrip,baseline,medium,20.292
1783974071,f683b2ef,windows,x86_64,4,batch_flatten,parallel,10,51.797
1783974071,f683b2ef,windows,x86_64,4,batch_flatten,parallel,100,152.337
1783974071,f683b2ef,windows,x86_64,4,batch_flatten,sequential,100,193.252
1783974011,f683b2ef,linux,x86_64,4,flatten,baseline,small,1.647
1783974011,f683b2ef,linux,x86_64,4,flatten,baseline,medium,2.972
1783974011,f683b2ef,linux,x86_64,4,flatten,baseline,large,4.336
1783974011,f683b2ef,linux,x86_64,4,flatten,all_transforms,medium,12.701
1783974011,f683b2ef,linux,x86_64,4,flatten,regex_replacements,medium,8.665
1783974011,f683b2ef,linux,x86_64,4,unflatten,baseline,medium,13.857
1783974011,f683b2ef,linux,x86_64,4,normal,baseline,medium,6.467
1783974011,f683b2ef,linux,x86_64,4,roundtrip,baseline,medium,13.860
1783974011,f683b2ef,linux,x86_64,4,batch_flatten,parallel,10,20.010
1783974011,f683b2ef,linux,x86_64,4,batch_flatten,parallel,100,105.805
1783974011,f683b2ef,linux,x86_64,4,batch_flatten,sequential,100,158.107
1783977660,e6024449,macos,aarch64,3,flatten,baseline,small,1.615
1783977660,e6024449,macos,aarch64,3,flatten,baseline,medium,3.028
1783977660,e6024449,macos,aarch64,3,flatten,baseline,large,6.322
1783977660,e6024449,macos,aarch64,3,flatten,all_transforms,medium,14.980
1783977660,e6024449,macos,aarch64,3,flatten,regex_replacements,medium,9.071
1783977660,e6024449,macos,aarch64,3,unflatten,baseline,medium,17.567
1783977660,e6024449,macos,aarch64,3,normal,baseline,medium,6.166
1783977660,e6024449,macos,aarch64,3,roundtrip,baseline,medium,15.441
1783977660,e6024449,macos,aarch64,3,batch_flatten,parallel,10,49.417
1783977660,e6024449,macos,aarch64,3,batch_flatten,parallel,100,120.637
1783977660,e6024449,macos,aarch64,3,batch_flatten,sequential,100,138.548
1783977725,e6024449,windows,x86_64,4,flatten,baseline,small,1.357
1783977725,e6024449,windows,x86_64,4,flatten,baseline,medium,2.403
1783977725,e6024449,windows,x86_64,4,flatten,baseline,large,4.154
1783977725,e6024449,windows,x86_64,4,flatten,all_transforms,medium,12.595
1783977725,e6024449,windows,x86_64,4,flatten,regex_replacements,medium,10.164
1783977725,e6024449,windows,x86_64,4,unflatten,baseline,medium,15.469
1783977725,e6024449,windows,x86_64,4,normal,baseline,medium,6.035
1783977725,e6024449,windows,x86_64,4,roundtrip,baseline,medium,15.177
1783977725,e6024449,windows,x86_64,4,batch_flatten,parallel,10,26.203
1783977725,e6024449,windows,x86_64,4,batch_flatten,parallel,100,98.429
1783977725,e6024449,windows,x86_64,4,batch_flatten,sequential,100,124.330
1783977727,e6024449,linux,x86_64,4,flatten,baseline,small,2.075
1783977727,e6024449,linux,x86_64,4,flatten,baseline,medium,3.945
1783977727,e6024449,linux,x86_64,4,flatten,baseline,large,5.672
1783977727,e6024449,linux,x86_64,4,flatten,all_transforms,medium,16.030
1783977727,e6024449,linux,x86_64,4,flatten,regex_replacements,medium,10.769
1783977727,e6024449,linux,x86_64,4,unflatten,baseline,medium,17.343
1783977727,e6024449,linux,x86_64,4,normal,baseline,medium,7.546
1783977727,e6024449,linux,x86_64,4,roundtrip,baseline,medium,17.581
1783977727,e6024449,linux,x86_64,4,batch_flatten,parallel,10,22.791
1783977727,e6024449,linux,x86_64,4,batch_flatten,parallel,100,107.143
1783977727,e6024449,linux,x86_64,4,batch_flatten,sequential,100,199.092
1783994929,1b50b722,macos,aarch64,3,flatten,baseline,small,1.465
1783994929,1b50b722,macos,aarch64,3,flatten,baseline,medium,2.511
1783994929,1b50b722,macos,aarch64,3,flatten,baseline,large,4.237
1783994929,1b50b722,macos,aarch64,3,flatten,all_transforms,medium,12.412
1783994929,1b50b722,macos,aarch64,3,flatten,regex_replacements,medium,7.502
1783994929,1b50b722,macos,aarch64,3,unflatten,baseline,medium,12.611
1783994929,1b50b722,macos,aarch64,3,normal,baseline,medium,5.099
1783994929,1b50b722,macos,aarch64,3,roundtrip,baseline,medium,12.733
1783994929,1b50b722,macos,aarch64,3,batch_flatten,parallel,10,28.828
1783994929,1b50b722,macos,aarch64,3,batch_flatten,parallel,100,98.269
1783994929,1b50b722,macos,aarch64,3,batch_flatten,sequential,100,150.626
1783994965,1b50b722,windows,x86_64,4,flatten,baseline,small,1.783
1783994965,1b50b722,windows,x86_64,4,flatten,baseline,medium,3.163
1783994965,1b50b722,windows,x86_64,4,flatten,baseline,large,5.054
1783994965,1b50b722,windows,x86_64,4,flatten,all_transforms,medium,16.234
1783994965,1b50b722,windows,x86_64,4,flatten,regex_replacements,medium,11.525
1783994965,1b50b722,windows,x86_64,4,unflatten,baseline,medium,19.648
1783994965,1b50b722,windows,x86_64,4,normal,baseline,medium,7.735
1783994965,1b50b722,windows,x86_64,4,roundtrip,baseline,medium,19.711
1783994965,1b50b722,windows,x86_64,4,batch_flatten,parallel,10,41.645
1783994965,1b50b722,windows,x86_64,4,batch_flatten,parallel,100,135.726
1783994965,1b50b722,windows,x86_64,4,batch_flatten,sequential,100,194.668
1783994901,1b50b722,linux,x86_64,4,flatten,baseline,small,1.493
1783994901,1b50b722,linux,x86_64,4,flatten,baseline,medium,2.713
1783994901,1b50b722,linux,x86_64,4,flatten,baseline,large,3.887
1783994901,1b50b722,linux,x86_64,4,flatten,all_transforms,medium,11.359
1783994901,1b50b722,linux,x86_64,4,flatten,regex_replacements,medium,7.700
1783994901,1b50b722,linux,x86_64,4,unflatten,baseline,medium,12.518
1783994901,1b50b722,linux,x86_64,4,normal,baseline,medium,5.754
1783994901,1b50b722,linux,x86_64,4,roundtrip,baseline,medium,12.611
1783994901,1b50b722,linux,x86_64,4,batch_flatten,parallel,10,18.771
1783994901,1b50b722,linux,x86_64,4,batch_flatten,parallel,100,102.234
1783994901,1b50b722,linux,x86_64,4,batch_flatten,sequential,100,140.398
1784015559,cba0d37b,macos,aarch64,3,flatten,baseline,small,1.306
1784015559,cba0d37b,macos,aarch64,3,flatten,baseline,medium,2.335
1784015559,cba0d37b,macos,aarch64,3,flatten,baseline,large,3.666
1784015559,cba0d37b,macos,aarch64,3,flatten,all_transforms,medium,12.817
1784015559,cba0d37b,macos,aarch64,3,flatten,regex_replacements,medium,7.953
1784015559,cba0d37b,macos,aarch64,3,unflatten,baseline,medium,12.697
1784015559,cba0d37b,macos,aarch64,3,normal,baseline,medium,6.639
1784015559,cba0d37b,macos,aarch64,3,roundtrip,baseline,medium,13.346
1784015559,cba0d37b,macos,aarch64,3,batch_flatten,parallel,10,25.570
1784015559,cba0d37b,macos,aarch64,3,batch_flatten,parallel,100,67.543
1784015559,cba0d37b,macos,aarch64,3,batch_flatten,sequential,100,123.249
1784015580,cba0d37b,windows,x86_64,4,flatten,baseline,small,2.057
1784015580,cba0d37b,windows,x86_64,4,flatten,baseline,medium,3.779
1784015580,cba0d37b,windows,x86_64,4,flatten,baseline,large,5.737
1784015580,cba0d37b,windows,x86_64,4,flatten,all_transforms,medium,17.206
1784015580,cba0d37b,windows,x86_64,4,flatten,regex_replacements,medium,12.110
1784015580,cba0d37b,windows,x86_64,4,unflatten,baseline,medium,20.814
1784015580,cba0d37b,windows,x86_64,4,normal,baseline,medium,8.812
1784015580,cba0d37b,windows,x86_64,4,roundtrip,baseline,medium,20.316
1784015580,cba0d37b,windows,x86_64,4,batch_flatten,parallel,10,51.961
1784015580,cba0d37b,windows,x86_64,4,batch_flatten,parallel,100,153.041
1784015580,cba0d37b,windows,x86_64,4,batch_flatten,sequential,100,192.237
1784015516,cba0d37b,linux,x86_64,4,flatten,baseline,small,1.416
1784015516,cba0d37b,linux,x86_64,4,flatten,baseline,medium,2.557
1784015516,cba0d37b,linux,x86_64,4,flatten,baseline,large,3.744
1784015516,cba0d37b,linux,x86_64,4,flatten,all_transforms,medium,10.849
1784015516,cba0d37b,linux,x86_64,4,flatten,regex_replacements,medium,7.363
1784015516,cba0d37b,linux,x86_64,4,unflatten,baseline,medium,12.140
1784015516,cba0d37b,linux,x86_64,4,normal,baseline,medium,5.584
1784015516,cba0d37b,linux,x86_64,4,roundtrip,baseline,medium,12.100
1784015516,cba0d37b,linux,x86_64,4,batch_flatten,parallel,10,17.892
1784015516,cba0d37b,linux,x86_64,4,batch_flatten,parallel,100,101.474
1784015516,cba0d37b,linux,x86_64,4,batch_flatten,sequential,100,140.644
1784019739,b533ac23,macos,aarch64,3,flatten,baseline,small,1.337
1784019739,b533ac23,macos,aarch64,3,flatten,baseline,medium,2.284
1784019739,b533ac23,macos,aarch64,3,flatten,baseline,large,3.481
1784019739,b533ac23,macos,aarch64,3,flatten,all_transforms,medium,9.862
1784019739,b533ac23,macos,aarch64,3,flatten,regex_replacements,medium,6.996
1784019739,b533ac23,macos,aarch64,3,unflatten,baseline,medium,11.968
1784019739,b533ac23,macos,aarch64,3,normal,baseline,medium,5.119
1784019739,b533ac23,macos,aarch64,3,roundtrip,baseline,medium,12.176
1784019739,b533ac23,macos,aarch64,3,batch_flatten,parallel,10,17.838
1784019739,b533ac23,macos,aarch64,3,batch_flatten,parallel,100,68.535
1784019739,b533ac23,macos,aarch64,3,batch_flatten,sequential,100,124.334
1784019791,b533ac23,windows,x86_64,4,flatten,baseline,small,2.385
1784019791,b533ac23,windows,x86_64,4,flatten,baseline,medium,3.995
1784019791,b533ac23,windows,x86_64,4,flatten,baseline,large,5.520
1784019791,b533ac23,windows,x86_64,4,flatten,all_transforms,medium,17.876
1784019791,b533ac23,windows,x86_64,4,flatten,regex_replacements,medium,12.031
1784019791,b533ac23,windows,x86_64,4,unflatten,baseline,medium,20.543
1784019791,b533ac23,windows,x86_64,4,normal,baseline,medium,8.689
1784019791,b533ac23,windows,x86_64,4,roundtrip,baseline,medium,20.331
1784019791,b533ac23,windows,x86_64,4,batch_flatten,parallel,10,44.250
1784019791,b533ac23,windows,x86_64,4,batch_flatten,parallel,100,152.068
1784019791,b533ac23,windows,x86_64,4,batch_flatten,sequential,100,202.543
1784019710,b533ac23,linux,x86_64,4,flatten,baseline,small,2.069
1784019710,b533ac23,linux,x86_64,4,flatten,baseline,medium,3.914
1784019710,b533ac23,linux,x86_64,4,flatten,baseline,large,5.714
1784019710,b533ac23,linux,x86_64,4,flatten,all_transforms,medium,15.459
1784019710,b533ac23,linux,x86_64,4,flatten,regex_replacements,medium,10.814
1784019710,b533ac23,linux,x86_64,4,unflatten,baseline,medium,17.457
1784019710,b533ac23,linux,x86_64,4,normal,baseline,medium,7.595
1784019710,b533ac23,linux,x86_64,4,roundtrip,baseline,medium,17.721
1784019710,b533ac23,linux,x86_64,4,batch_flatten,parallel,10,22.042
1784019710,b533ac23,linux,x86_64,4,batch_flatten,parallel,100,108.003
1784019710,b533ac23,linux,x86_64,4,batch_flatten,sequential,100,199.352
1784023603,719e617f,macos,aarch64,3,flatten,baseline,small,1.388
1784023603,719e617f,macos,aarch64,3,flatten,baseline,medium,2.382
1784023603,719e617f,macos,aarch64,3,flatten,baseline,large,3.757
1784023603,719e617f,macos,aarch64,3,flatten,all_transforms,medium,10.196
1784023603,719e617f,macos,aarch64,3,flatten,regex_replacements,medium,7.306
1784023603,719e617f,macos,aarch64,3,unflatten,baseline,medium,12.784
1784023603,719e617f,macos,aarch64,3,normal,baseline,medium,5.077
1784023603,719e617f,macos,aarch64,3,roundtrip,baseline,medium,12.501
1784023603,719e617f,macos,aarch64,3,batch_flatten,parallel,10,17.062
1784023603,719e617f,macos,aarch64,3,batch_flatten,parallel,100,76.419
1784023603,719e617f,macos,aarch64,3,batch_flatten,sequential,100,154.029
1784023737,719e617f,windows,x86_64,4,flatten,baseline,small,1.375
1784023737,719e617f,windows,x86_64,4,flatten,baseline,medium,2.402
1784023737,719e617f,windows,x86_64,4,flatten,baseline,large,3.723
1784023737,719e617f,windows,x86_64,4,flatten,all_transforms,medium,12.703
1784023737,719e617f,windows,x86_64,4,flatten,regex_replacements,medium,9.018
1784023737,719e617f,windows,x86_64,4,unflatten,baseline,medium,15.349
1784023737,719e617f,windows,x86_64,4,normal,baseline,medium,5.964
1784023737,719e617f,windows,x86_64,4,roundtrip,baseline,medium,15.244
1784023737,719e617f,windows,x86_64,4,batch_flatten,parallel,10,28.124
1784023737,719e617f,windows,x86_64,4,batch_flatten,parallel,100,102.902
1784023737,719e617f,windows,x86_64,4,batch_flatten,sequential,100,125.234
1784023627,719e617f,linux,x86_64,4,flatten,baseline,small,1.799
1784023627,719e617f,linux,x86_64,4,flatten,baseline,medium,3.227
1784023627,719e617f,linux,x86_64,4,flatten,baseline,large,4.966
1784023627,719e617f,linux,x86_64,4,flatten,all_transforms,medium,14.352
1784023627,719e617f,linux,x86_64,4,flatten,regex_replacements,medium,10.287
1784023627,719e617f,linux,x86_64,4,unflatten,baseline,medium,16.560
1784023627,719e617f,linux,x86_64,4,normal,baseline,medium,6.664
1784023627,719e617f,linux,x86_64,4,roundtrip,baseline,medium,16.552
1784023627,719e617f,linux,x86_64,4,batch_flatten,parallel,10,21.602
1784023627,719e617f,linux,x86_64,4,batch_flatten,parallel,100,94.819
1784023627,719e617f,linux,x86_64,4,batch_flatten,sequential,100,173.538
1784050613,6f16ea94,macos,aarch64,3,flatten,baseline,small,1.411
1784050613,6f16ea94,macos,aarch64,3,flatten,baseline,medium,2.375
1784050613,6f16ea94,macos,aarch64,3,flatten,baseline,large,4.255
1784050613,6f16ea94,macos,aarch64,3,flatten,all_transforms,medium,13.698
1784050613,6f16ea94,macos,aarch64,3,flatten,regex_replacements,medium,8.649
1784050613,6f16ea94,macos,aarch64,3,unflatten,baseline,medium,15.236
1784050613,6f16ea94,macos,aarch64,3,normal,baseline,medium,5.970
1784050613,6f16ea94,macos,aarch64,3,roundtrip,baseline,medium,14.600
1784050613,6f16ea94,macos,aarch64,3,batch_flatten,parallel,10,36.383
1784050613,6f16ea94,macos,aarch64,3,batch_flatten,parallel,100,219.412
1784050613,6f16ea94,macos,aarch64,3,batch_flatten,sequential,100,135.948
1784050616,6f16ea94,windows,x86_64,4,flatten,baseline,small,2.115
1784050616,6f16ea94,windows,x86_64,4,flatten,baseline,medium,3.720
1784050616,6f16ea94,windows,x86_64,4,flatten,baseline,large,5.584
1784050616,6f16ea94,windows,x86_64,4,flatten,all_transforms,medium,17.652
1784050616,6f16ea94,windows,x86_64,4,flatten,regex_replacements,medium,12.327
1784050616,6f16ea94,windows,x86_64,4,unflatten,baseline,medium,21.103
1784050616,6f16ea94,windows,x86_64,4,normal,baseline,medium,9.276
1784050616,6f16ea94,windows,x86_64,4,roundtrip,baseline,medium,20.425
1784050616,6f16ea94,windows,x86_64,4,batch_flatten,parallel,10,45.909
1784050616,6f16ea94,windows,x86_64,4,batch_flatten,parallel,100,160.106
1784050616,6f16ea94,windows,x86_64,4,batch_flatten,sequential,100,187.932
1784050553,6f16ea94,linux,x86_64,4,flatten,baseline,small,2.065
1784050553,6f16ea94,linux,x86_64,4,flatten,baseline,medium,3.927
1784050553,6f16ea94,linux,x86_64,4,flatten,baseline,large,5.734
1784050553,6f16ea94,linux,x86_64,4,flatten,all_transforms,medium,15.048
1784050553,6f16ea94,linux,x86_64,4,flatten,regex_replacements,medium,10.631
1784050553,6f16ea94,linux,x86_64,4,unflatten,baseline,medium,17.521
1784050553,6f16ea94,linux,x86_64,4,normal,baseline,medium,7.656
1784050553,6f16ea94,linux,x86_64,4,roundtrip,baseline,medium,17.578
1784050553,6f16ea94,linux,x86_64,4,batch_flatten,parallel,10,21.260
1784050553,6f16ea94,linux,x86_64,4,batch_flatten,parallel,100,107.059
1784050553,6f16ea94,linux,x86_64,4,batch_flatten,sequential,100,201.552
1784051638,f794f5cd,macos,aarch64,3,flatten,baseline,small,1.625
1784051638,f794f5cd,macos,aarch64,3,flatten,baseline,medium,2.953
1784051638,f794f5cd,macos,aarch64,3,flatten,baseline,large,3.982
1784051638,f794f5cd,macos,aarch64,3,flatten,all_transforms,medium,11.595
1784051638,f794f5cd,macos,aarch64,3,flatten,regex_replacements,medium,7.835
1784051638,f794f5cd,macos,aarch64,3,unflatten,baseline,medium,15.273
1784051638,f794f5cd,macos,aarch64,3,normal,baseline,medium,5.702
1784051638,f794f5cd,macos,aarch64,3,roundtrip,baseline,medium,13.204
1784051638,f794f5cd,macos,aarch64,3,batch_flatten,parallel,10,36.523
1784051638,f794f5cd,macos,aarch64,3,batch_flatten,parallel,100,118.366
1784051638,f794f5cd,macos,aarch64,3,batch_flatten,sequential,100,140.089
1784051703,f794f5cd,windows,x86_64,4,flatten,baseline,small,1.807
1784051703,f794f5cd,windows,x86_64,4,flatten,baseline,medium,3.209
1784051703,f794f5cd,windows,x86_64,4,flatten,baseline,large,4.937
1784051703,f794f5cd,windows,x86_64,4,flatten,all_transforms,medium,16.418
1784051703,f794f5cd,windows,x86_64,4,flatten,regex_replacements,medium,11.758
1784051703,f794f5cd,windows,x86_64,4,unflatten,baseline,medium,19.611
1784051703,f794f5cd,windows,x86_64,4,normal,baseline,medium,7.685
1784051703,f794f5cd,windows,x86_64,4,roundtrip,baseline,medium,19.692
1784051703,f794f5cd,windows,x86_64,4,batch_flatten,parallel,10,40.348
1784051703,f794f5cd,windows,x86_64,4,batch_flatten,parallel,100,141.863
1784051703,f794f5cd,windows,x86_64,4,batch_flatten,sequential,100,174.836
1784051642,f794f5cd,linux,x86_64,4,flatten,baseline,small,2.054
1784051642,f794f5cd,linux,x86_64,4,flatten,baseline,medium,3.924
1784051642,f794f5cd,linux,x86_64,4,flatten,baseline,large,5.726
1784051642,f794f5cd,linux,x86_64,4,flatten,all_transforms,medium,15.384
1784051642,f794f5cd,linux,x86_64,4,flatten,regex_replacements,medium,10.834
1784051642,f794f5cd,linux,x86_64,4,unflatten,baseline,medium,17.530
1784051642,f794f5cd,linux,x86_64,4,normal,baseline,medium,7.651
1784051642,f794f5cd,linux,x86_64,4,roundtrip,baseline,medium,17.471
1784051642,f794f5cd,linux,x86_64,4,batch_flatten,parallel,10,20.818
1784051642,f794f5cd,linux,x86_64,4,batch_flatten,parallel,100,129.515
1784051642,f794f5cd,linux,x86_64,4,batch_flatten,sequential,100,201.499
1784056162,e846bd07,macos,aarch64,3,flatten,baseline,small,1.516
1784056162,e846bd07,macos,aarch64,3,flatten,baseline,medium,2.778
1784056162,e846bd07,macos,aarch64,3,flatten,baseline,large,4.230
1784056162,e846bd07,macos,aarch64,3,flatten,all_transforms,medium,10.317
1784056162,e846bd07,macos,aarch64,3,flatten,regex_replacements,medium,7.547
1784056162,e846bd07,macos,aarch64,3,unflatten,baseline,medium,14.321
1784056162,e846bd07,macos,aarch64,3,normal,baseline,medium,5.444
1784056162,e846bd07,macos,aarch64,3,roundtrip,baseline,medium,12.986
1784056162,e846bd07,macos,aarch64,3,batch_flatten,parallel,10,101.374
1784056162,e846bd07,macos,aarch64,3,batch_flatten,parallel,100,478.114
1784056162,e846bd07,macos,aarch64,3,batch_flatten,sequential,100,179.750
1784056196,e846bd07,windows,x86_64,4,flatten,baseline,small,1.693
1784056196,e846bd07,windows,x86_64,4,flatten,baseline,medium,2.896
1784056196,e846bd07,windows,x86_64,4,flatten,baseline,large,4.438
1784056196,e846bd07,windows,x86_64,4,flatten,all_transforms,medium,16.427
1784056196,e846bd07,windows,x86_64,4,flatten,regex_replacements,medium,11.828
1784056196,e846bd07,windows,x86_64,4,unflatten,baseline,medium,20.948
1784056196,e846bd07,windows,x86_64,4,normal,baseline,medium,8.424
1784056196,e846bd07,windows,x86_64,4,roundtrip,baseline,medium,20.716
1784056196,e846bd07,windows,x86_64,4,batch_flatten,parallel,10,45.748
1784056196,e846bd07,windows,x86_64,4,batch_flatten,parallel,100,153.581
1784056196,e846bd07,windows,x86_64,4,batch_flatten,sequential,100,148.117
1784056168,e846bd07,linux,x86_64,4,flatten,baseline,small,1.793
1784056168,e846bd07,linux,x86_64,4,flatten,baseline,medium,3.311
1784056168,e846bd07,linux,x86_64,4,flatten,baseline,large,4.947
1784056168,e846bd07,linux,x86_64,4,flatten,all_transforms,medium,14.740
1784056168,e846bd07,linux,x86_64,4,flatten,regex_replacements,medium,10.671
1784056168,e846bd07,linux,x86_64,4,unflatten,baseline,medium,17.388
1784056168,e846bd07,linux,x86_64,4,normal,baseline,medium,7.147
1784056168,e846bd07,linux,x86_64,4,roundtrip,baseline,medium,16.522
1784056168,e846bd07,linux,x86_64,4,batch_flatten,parallel,10,24.697
1784056168,e846bd07,linux,x86_64,4,batch_flatten,parallel,100,109.235
1784056168,e846bd07,linux,x86_64,4,batch_flatten,sequential,100,168.866
1784140434,d04939fb,macos,aarch64,3,flatten,baseline,small,1.291
1784140434,d04939fb,macos,aarch64,3,flatten,baseline,medium,2.192
1784140434,d04939fb,macos,aarch64,3,flatten,baseline,large,3.553
1784140434,d04939fb,macos,aarch64,3,flatten,all_transforms,medium,9.907
1784140434,d04939fb,macos,aarch64,3,flatten,regex_replacements,medium,7.282
1784140434,d04939fb,macos,aarch64,3,unflatten,baseline,medium,13.008
1784140434,d04939fb,macos,aarch64,3,normal,baseline,medium,5.449
1784140434,d04939fb,macos,aarch64,3,roundtrip,baseline,medium,12.515
1784140434,d04939fb,macos,aarch64,3,batch_flatten,parallel,10,15.792
1784140434,d04939fb,macos,aarch64,3,batch_flatten,parallel,100,59.486
1784140434,d04939fb,macos,aarch64,3,batch_flatten,sequential,100,123.255
1784140491,d04939fb,windows,x86_64,4,flatten,baseline,small,2.298
1784140491,d04939fb,windows,x86_64,4,flatten,baseline,medium,4.243
1784140491,d04939fb,windows,x86_64,4,flatten,baseline,large,6.474
1784140491,d04939fb,windows,x86_64,4,flatten,all_transforms,medium,17.241
1784140491,d04939fb,windows,x86_64,4,flatten,regex_replacements,medium,12.824
1784140491,d04939fb,windows,x86_64,4,unflatten,baseline,medium,20.191
1784140491,d04939fb,windows,x86_64,4,normal,baseline,medium,8.854
1784140491,d04939fb,windows,x86_64,4,roundtrip,baseline,medium,19.792
1784140491,d04939fb,windows,x86_64,4,batch_flatten,parallel,10,50.602
1784140491,d04939fb,windows,x86_64,4,batch_flatten,parallel,100,144.741
1784140491,d04939fb,windows,x86_64,4,batch_flatten,sequential,100,179.197
1784140427,d04939fb,linux,x86_64,4,flatten,baseline,small,2.124
1784140427,d04939fb,linux,x86_64,4,flatten,baseline,medium,4.077
1784140427,d04939fb,linux,x86_64,4,flatten,baseline,large,5.907
1784140427,d04939fb,linux,x86_64,4,flatten,all_transforms,medium,15.599
1784140427,d04939fb,linux,x86_64,4,flatten,regex_replacements,medium,10.959
1784140427,d04939fb,linux,x86_64,4,unflatten,baseline,medium,17.535
1784140427,d04939fb,linux,x86_64,4,normal,baseline,medium,7.832
1784140427,d04939fb,linux,x86_64,4,roundtrip,baseline,medium,17.534
1784140427,d04939fb,linux,x86_64,4,batch_flatten,parallel,10,21.653
1784140427,d04939fb,linux,x86_64,4,batch_flatten,parallel,100,109.532
1784140427,d04939fb,linux,x86_64,4,batch_flatten,sequential,100,206.381
1784141967,336b57e2,macos,aarch64,3,flatten,baseline,small,1.652
1784141967,336b57e2,macos,aarch64,3,flatten,baseline,medium,2.658
1784141967,336b57e2,macos,aarch64,3,flatten,baseline,large,4.389
1784141967,336b57e2,macos,aarch64,3,flatten,all_transforms,medium,13.884
1784141967,336b57e2,macos,aarch64,3,flatten,regex_replacements,medium,8.571
1784141967,336b57e2,macos,aarch64,3,unflatten,baseline,medium,15.146
1784141967,336b57e2,macos,aarch64,3,normal,baseline,medium,6.126
1784141967,336b57e2,macos,aarch64,3,roundtrip,baseline,medium,16.383
1784141967,336b57e2,macos,aarch64,3,batch_flatten,parallel,10,33.395
1784141967,336b57e2,macos,aarch64,3,batch_flatten,parallel,100,125.764
1784141967,336b57e2,macos,aarch64,3,batch_flatten,sequential,100,190.911
1784142107,336b57e2,windows,x86_64,4,flatten,baseline,small,2.318
1784142107,336b57e2,windows,x86_64,4,flatten,baseline,medium,3.829
1784142107,336b57e2,windows,x86_64,4,flatten,baseline,large,6.186
1784142107,336b57e2,windows,x86_64,4,flatten,all_transforms,medium,16.377
1784142107,336b57e2,windows,x86_64,4,flatten,regex_replacements,medium,12.066
1784142107,336b57e2,windows,x86_64,4,unflatten,baseline,medium,20.809
1784142107,336b57e2,windows,x86_64,4,normal,baseline,medium,8.217
1784142107,336b57e2,windows,x86_64,4,roundtrip,baseline,medium,20.116
1784142107,336b57e2,windows,x86_64,4,batch_flatten,parallel,10,41.175
1784142107,336b57e2,windows,x86_64,4,batch_flatten,parallel,100,131.377
1784142107,336b57e2,windows,x86_64,4,batch_flatten,sequential,100,190.246
1784141935,336b57e2,linux,x86_64,4,flatten,baseline,small,1.805
1784141935,336b57e2,linux,x86_64,4,flatten,baseline,medium,3.393
1784141935,336b57e2,linux,x86_64,4,flatten,baseline,large,5.181
1784141935,336b57e2,linux,x86_64,4,flatten,all_transforms,medium,14.170
1784141935,336b57e2,linux,x86_64,4,flatten,regex_replacements,medium,10.312
1784141935,336b57e2,linux,x86_64,4,unflatten,baseline,medium,16.690
1784141935,336b57e2,linux,x86_64,4,normal,baseline,medium,6.779
1784141935,336b57e2,linux,x86_64,4,roundtrip,baseline,medium,16.885
1784141935,336b57e2,linux,x86_64,4,batch_flatten,parallel,10,22.429
1784141935,336b57e2,linux,x86_64,4,batch_flatten,parallel,100,95.624
1784141935,336b57e2,linux,x86_64,4,batch_flatten,sequential,100,173.405
1784144690,8b664fc2,macos,aarch64,3,flatten,baseline,small,1.579
1784144690,8b664fc2,macos,aarch64,3,flatten,baseline,medium,2.533
1784144690,8b664fc2,macos,aarch64,3,flatten,baseline,large,4.273
1784144690,8b664fc2,macos,aarch64,3,flatten,all_transforms,medium,11.489
1784144690,8b664fc2,macos,aarch64,3,flatten,regex_replacements,medium,7.704
1784144690,8b664fc2,macos,aarch64,3,unflatten,baseline,medium,20.282
1784144690,8b664fc2,macos,aarch64,3,normal,baseline,medium,5.960
1784144690,8b664fc2,macos,aarch64,3,roundtrip,baseline,medium,12.948
1784144690,8b664fc2,macos,aarch64,3,batch_flatten,parallel,10,26.466
1784144690,8b664fc2,macos,aarch64,3,batch_flatten,parallel,100,149.459
1784144690,8b664fc2,macos,aarch64,3,batch_flatten,sequential,100,145.516
1784144748,8b664fc2,windows,x86_64,4,flatten,baseline,small,2.043
1784144748,8b664fc2,windows,x86_64,4,flatten,baseline,medium,3.673
1784144748,8b664fc2,windows,x86_64,4,flatten,baseline,large,5.669
1784144748,8b664fc2,windows,x86_64,4,flatten,all_transforms,medium,17.401
1784144748,8b664fc2,windows,x86_64,4,flatten,regex_replacements,medium,12.433
1784144748,8b664fc2,windows,x86_64,4,unflatten,baseline,medium,20.032
1784144748,8b664fc2,windows,x86_64,4,normal,baseline,medium,8.685
1784144748,8b664fc2,windows,x86_64,4,roundtrip,baseline,medium,20.286
1784144748,8b664fc2,windows,x86_64,4,batch_flatten,parallel,10,52.577
1784144748,8b664fc2,windows,x86_64,4,batch_flatten,parallel,100,153.000
1784144748,8b664fc2,windows,x86_64,4,batch_flatten,sequential,100,187.147
1784144628,8b664fc2,linux,x86_64,4,flatten,baseline,small,1.521
1784144628,8b664fc2,linux,x86_64,4,flatten,baseline,medium,2.852
1784144628,8b664fc2,linux,x86_64,4,flatten,baseline,large,4.170
1784144628,8b664fc2,linux,x86_64,4,flatten,all_transforms,medium,13.363
1784144628,8b664fc2,linux,x86_64,4,flatten,regex_replacements,medium,9.102
1784144628,8b664fc2,linux,x86_64,4,unflatten,baseline,medium,14.395
1784144628,8b664fc2,linux,x86_64,4,normal,baseline,medium,6.623
1784144628,8b664fc2,linux,x86_64,4,roundtrip,baseline,medium,14.555
1784144628,8b664fc2,linux,x86_64,4,batch_flatten,parallel,10,22.037
1784144628,8b664fc2,linux,x86_64,4,batch_flatten,parallel,100,118.852
1784144628,8b664fc2,linux,x86_64,4,batch_flatten,sequential,100,155.525
1784149388,f011f73f,macos,aarch64,3,flatten,baseline,small,1.393
1784149388,f011f73f,macos,aarch64,3,flatten,baseline,medium,2.317
1784149388,f011f73f,macos,aarch64,3,flatten,baseline,large,3.481
1784149388,f011f73f,macos,aarch64,3,flatten,all_transforms,medium,9.994
1784149388,f011f73f,macos,aarch64,3,flatten,regex_replacements,medium,7.078
1784149388,f011f73f,macos,aarch64,3,unflatten,baseline,medium,12.908
1784149388,f011f73f,macos,aarch64,3,normal,baseline,medium,5.006
1784149388,f011f73f,macos,aarch64,3,roundtrip,baseline,medium,11.750
1784149388,f011f73f,macos,aarch64,3,batch_flatten,parallel,10,14.089
1784149388,f011f73f,macos,aarch64,3,batch_flatten,parallel,100,90.172
1784149388,f011f73f,macos,aarch64,3,batch_flatten,sequential,100,119.283
1784149436,f011f73f,windows,x86_64,4,flatten,baseline,small,1.959
1784149436,f011f73f,windows,x86_64,4,flatten,baseline,medium,3.595
1784149436,f011f73f,windows,x86_64,4,flatten,baseline,large,5.428
1784149436,f011f73f,windows,x86_64,4,flatten,all_transforms,medium,16.408
1784149436,f011f73f,windows,x86_64,4,flatten,regex_replacements,medium,12.122
1784149436,f011f73f,windows,x86_64,4,unflatten,baseline,medium,20.006
1784149436,f011f73f,windows,x86_64,4,normal,baseline,medium,8.622
1784149436,f011f73f,windows,x86_64,4,roundtrip,baseline,medium,20.042
1784149436,f011f73f,windows,x86_64,4,batch_flatten,parallel,10,41.052
1784149436,f011f73f,windows,x86_64,4,batch_flatten,parallel,100,130.699
1784149436,f011f73f,windows,x86_64,4,batch_flatten,sequential,100,199.818
1784149372,f011f73f,linux,x86_64,4,flatten,baseline,small,1.987
1784149372,f011f73f,linux,x86_64,4,flatten,baseline,medium,3.714
1784149372,f011f73f,linux,x86_64,4,flatten,baseline,large,5.479
1784149372,f011f73f,linux,x86_64,4,flatten,all_transforms,medium,15.176
1784149372,f011f73f,linux,x86_64,4,flatten,regex_replacements,medium,10.648
1784149372,f011f73f,linux,x86_64,4,unflatten,baseline,medium,16.876
1784149372,f011f73f,linux,x86_64,4,normal,baseline,medium,8.441
1784149372,f011f73f,linux,x86_64,4,roundtrip,baseline,medium,17.019
1784149372,f011f73f,linux,x86_64,4,batch_flatten,parallel,10,21.319
1784149372,f011f73f,linux,x86_64,4,batch_flatten,parallel,100,106.361
1784149372,f011f73f,linux,x86_64,4,batch_flatten,sequential,100,187.023
1784157853,44cac030,macos,aarch64,3,flatten,baseline,small,1.691
1784157853,44cac030,macos,aarch64,3,flatten,baseline,medium,2.724
1784157853,44cac030,macos,aarch64,3,flatten,baseline,large,3.934
1784157853,44cac030,macos,aarch64,3,flatten,all_transforms,medium,11.164
1784157853,44cac030,macos,aarch64,3,flatten,regex_replacements,medium,7.840
1784157853,44cac030,macos,aarch64,3,unflatten,baseline,medium,13.088
1784157853,44cac030,macos,aarch64,3,normal,baseline,medium,5.554
1784157853,44cac030,macos,aarch64,3,roundtrip,baseline,medium,11.386
1784157853,44cac030,macos,aarch64,3,batch_flatten,parallel,10,15.530
1784157853,44cac030,macos,aarch64,3,batch_flatten,parallel,100,60.174
1784157853,44cac030,macos,aarch64,3,batch_flatten,sequential,100,126.180
1784157993,44cac030,windows,x86_64,4,flatten,baseline,small,2.291
1784157993,44cac030,windows,x86_64,4,flatten,baseline,medium,3.566
1784157993,44cac030,windows,x86_64,4,flatten,baseline,large,5.396
1784157993,44cac030,windows,x86_64,4,flatten,all_transforms,medium,17.235
1784157993,44cac030,windows,x86_64,4,flatten,regex_replacements,medium,12.037
1784157993,44cac030,windows,x86_64,4,unflatten,baseline,medium,17.654
1784157993,44cac030,windows,x86_64,4,normal,baseline,medium,8.810
1784157993,44cac030,windows,x86_64,4,roundtrip,baseline,medium,18.123
1784157993,44cac030,windows,x86_64,4,batch_flatten,parallel,10,51.770
1784157993,44cac030,windows,x86_64,4,batch_flatten,parallel,100,146.648
1784157993,44cac030,windows,x86_64,4,batch_flatten,sequential,100,204.655
1784157805,44cac030,linux,x86_64,4,flatten,baseline,small,1.728
1784157805,44cac030,linux,x86_64,4,flatten,baseline,medium,3.318
1784157805,44cac030,linux,x86_64,4,flatten,baseline,large,5.092
1784157805,44cac030,linux,x86_64,4,flatten,all_transforms,medium,15.241
1784157805,44cac030,linux,x86_64,4,flatten,regex_replacements,medium,9.784
1784157805,44cac030,linux,x86_64,4,unflatten,baseline,medium,15.462
1784157805,44cac030,linux,x86_64,4,normal,baseline,medium,6.857
1784157805,44cac030,linux,x86_64,4,roundtrip,baseline,medium,15.459
1784157805,44cac030,linux,x86_64,4,batch_flatten,parallel,10,21.088
1784157805,44cac030,linux,x86_64,4,batch_flatten,parallel,100,95.339
1784157805,44cac030,linux,x86_64,4,batch_flatten,sequential,100,167.491
1784166326,fb45eee8,macos,aarch64,3,flatten,baseline,small,1.358
1784166326,fb45eee8,macos,aarch64,3,flatten,baseline,medium,2.291
1784166326,fb45eee8,macos,aarch64,3,flatten,baseline,large,3.438
1784166326,fb45eee8,macos,aarch64,3,flatten,all_transforms,medium,9.498
1784166326,fb45eee8,macos,aarch64,3,flatten,regex_replacements,medium,6.553
1784166326,fb45eee8,macos,aarch64,3,unflatten,baseline,medium,10.577
1784166326,fb45eee8,macos,aarch64,3,normal,baseline,medium,4.954
1784166326,fb45eee8,macos,aarch64,3,roundtrip,baseline,medium,10.448
1784166326,fb45eee8,macos,aarch64,3,batch_flatten,parallel,10,26.331
1784166326,fb45eee8,macos,aarch64,3,batch_flatten,parallel,100,10034.906
1784166326,fb45eee8,macos,aarch64,3,batch_flatten,sequential,100,123.563
1784166374,fb45eee8,windows,x86_64,4,flatten,baseline,small,1.757
1784166374,fb45eee8,windows,x86_64,4,flatten,baseline,medium,2.767
1784166374,fb45eee8,windows,x86_64,4,flatten,baseline,large,4.134
1784166374,fb45eee8,windows,x86_64,4,flatten,all_transforms,medium,12.317
1784166374,fb45eee8,windows,x86_64,4,flatten,regex_replacements,medium,8.779
1784166374,fb45eee8,windows,x86_64,4,unflatten,baseline,medium,14.013
1784166374,fb45eee8,windows,x86_64,4,normal,baseline,medium,6.313
1784166374,fb45eee8,windows,x86_64,4,roundtrip,baseline,medium,13.868
1784166374,fb45eee8,windows,x86_64,4,batch_flatten,parallel,10,30.526
1784166374,fb45eee8,windows,x86_64,4,batch_flatten,parallel,100,101.098
1784166374,fb45eee8,windows,x86_64,4,batch_flatten,sequential,100,163.692
1784166285,fb45eee8,linux,x86_64,4,flatten,baseline,small,1.542
1784166285,fb45eee8,linux,x86_64,4,flatten,baseline,medium,2.758
1784166285,fb45eee8,linux,x86_64,4,flatten,baseline,large,4.519
1784166285,fb45eee8,linux,x86_64,4,flatten,all_transforms,medium,13.268
1784166285,fb45eee8,linux,x86_64,4,flatten,regex_replacements,medium,9.728
1784166285,fb45eee8,linux,x86_64,4,unflatten,baseline,medium,14.773
1784166285,fb45eee8,linux,x86_64,4,normal,baseline,medium,6.489
1784166285,fb45eee8,linux,x86_64,4,roundtrip,baseline,medium,14.797
1784166285,fb45eee8,linux,x86_64,4,batch_flatten,parallel,10,22.258
1784166285,fb45eee8,linux,x86_64,4,batch_flatten,parallel,100,106.844
1784166285,fb45eee8,linux,x86_64,4,batch_flatten,sequential,100,158.851
1784174584,c1677f0c,macos,aarch64,3,flatten,baseline,small,1.631
1784174584,c1677f0c,macos,aarch64,3,flatten,baseline,medium,2.457
1784174584,c1677f0c,macos,aarch64,3,flatten,baseline,large,3.862
1784174584,c1677f0c,macos,aarch64,3,flatten,all_transforms,medium,11.371
1784174584,c1677f0c,macos,aarch64,3,flatten,regex_replacements,medium,7.598
1784174584,c1677f0c,macos,aarch64,3,unflatten,baseline,medium,14.173
1784174584,c1677f0c,macos,aarch64,3,normal,baseline,medium,5.581
1784174584,c1677f0c,macos,aarch64,3,roundtrip,baseline,medium,13.682
1784174584,c1677f0c,macos,aarch64,3,batch_flatten,parallel,10,22.491
1784174584,c1677f0c,macos,aarch64,3,batch_flatten,parallel,100,90.151
1784174584,c1677f0c,macos,aarch64,3,batch_flatten,sequential,100,128.720
1784174637,c1677f0c,windows,x86_64,4,flatten,baseline,small,1.306
1784174637,c1677f0c,windows,x86_64,4,flatten,baseline,medium,2.315
1784174637,c1677f0c,windows,x86_64,4,flatten,baseline,large,3.667
1784174637,c1677f0c,windows,x86_64,4,flatten,all_transforms,medium,12.212
1784174637,c1677f0c,windows,x86_64,4,flatten,regex_replacements,medium,8.319
1784174637,c1677f0c,windows,x86_64,4,unflatten,baseline,medium,13.975
1784174637,c1677f0c,windows,x86_64,4,normal,baseline,medium,5.965
1784174637,c1677f0c,windows,x86_64,4,roundtrip,baseline,medium,13.539
1784174637,c1677f0c,windows,x86_64,4,batch_flatten,parallel,10,31.141
1784174637,c1677f0c,windows,x86_64,4,batch_flatten,parallel,100,106.886
1784174637,c1677f0c,windows,x86_64,4,batch_flatten,sequential,100,136.829
1784174567,c1677f0c,linux,x86_64,4,flatten,baseline,small,1.396
1784174567,c1677f0c,linux,x86_64,4,flatten,baseline,medium,2.464
1784174567,c1677f0c,linux,x86_64,4,flatten,baseline,large,3.646
1784174567,c1677f0c,linux,x86_64,4,flatten,all_transforms,medium,12.978
1784174567,c1677f0c,linux,x86_64,4,flatten,regex_replacements,medium,8.528
1784174567,c1677f0c,linux,x86_64,4,unflatten,baseline,medium,13.442
1784174567,c1677f0c,linux,x86_64,4,normal,baseline,medium,6.478
1784174567,c1677f0c,linux,x86_64,4,roundtrip,baseline,medium,12.845
1784174567,c1677f0c,linux,x86_64,4,batch_flatten,parallel,10,21.480
1784174567,c1677f0c,linux,x86_64,4,batch_flatten,parallel,100,117.591
1784174567,c1677f0c,linux,x86_64,4,batch_flatten,sequential,100,135.453
1784183004,f20c0e7e,macos,aarch64,3,flatten,baseline,small,1.546
1784183004,f20c0e7e,macos,aarch64,3,flatten,baseline,medium,2.545
1784183004,f20c0e7e,macos,aarch64,3,flatten,baseline,large,3.554
1784183004,f20c0e7e,macos,aarch64,3,flatten,all_transforms,medium,10.122
1784183004,f20c0e7e,macos,aarch64,3,flatten,regex_replacements,medium,6.974
1784183004,f20c0e7e,macos,aarch64,3,unflatten,baseline,medium,12.058
1784183004,f20c0e7e,macos,aarch64,3,normal,baseline,medium,5.503
1784183004,f20c0e7e,macos,aarch64,3,roundtrip,baseline,medium,11.433
1784183004,f20c0e7e,macos,aarch64,3,batch_flatten,parallel,10,31.705
1784183004,f20c0e7e,macos,aarch64,3,batch_flatten,parallel,100,97.966
1784183004,f20c0e7e,macos,aarch64,3,batch_flatten,sequential,100,146.360
1784183048,f20c0e7e,windows,x86_64,4,flatten,baseline,small,1.218
1784183048,f20c0e7e,windows,x86_64,4,flatten,baseline,medium,2.073
1784183048,f20c0e7e,windows,x86_64,4,flatten,baseline,large,3.153
1784183048,f20c0e7e,windows,x86_64,4,flatten,all_transforms,medium,10.769
1784183048,f20c0e7e,windows,x86_64,4,flatten,regex_replacements,medium,6.735
1784183048,f20c0e7e,windows,x86_64,4,unflatten,baseline,medium,11.220
1784183048,f20c0e7e,windows,x86_64,4,normal,baseline,medium,5.657
1784183048,f20c0e7e,windows,x86_64,4,roundtrip,baseline,medium,11.739
1784183048,f20c0e7e,windows,x86_64,4,batch_flatten,parallel,10,39.617
1784183048,f20c0e7e,windows,x86_64,4,batch_flatten,parallel,100,109.525
1784183048,f20c0e7e,windows,x86_64,4,batch_flatten,sequential,100,110.450
1784183047,f20c0e7e,linux,x86_64,4,flatten,baseline,small,1.757
1784183047,f20c0e7e,linux,x86_64,4,flatten,baseline,medium,3.250
1784183047,f20c0e7e,linux,x86_64,4,flatten,baseline,large,4.932
1784183047,f20c0e7e,linux,x86_64,4,flatten,all_transforms,medium,14.238
1784183047,f20c0e7e,linux,x86_64,4,flatten,regex_replacements,medium,9.385
1784183047,f20c0e7e,linux,x86_64,4,unflatten,baseline,medium,14.810
1784183047,f20c0e7e,linux,x86_64,4,normal,baseline,medium,7.321
1784183047,f20c0e7e,linux,x86_64,4,roundtrip,baseline,medium,14.851
1784183047,f20c0e7e,linux,x86_64,4,batch_flatten,parallel,10,22.350
1784183047,f20c0e7e,linux,x86_64,4,batch_flatten,parallel,100,100.263
1784183047,f20c0e7e,linux,x86_64,4,batch_flatten,sequential,100,169.051
1784189221,3ae6c280,macos,aarch64,3,flatten,baseline,small,1.290
1784189221,3ae6c280,macos,aarch64,3,flatten,baseline,medium,2.285
1784189221,3ae6c280,macos,aarch64,3,flatten,baseline,large,3.637
1784189221,3ae6c280,macos,aarch64,3,flatten,all_transforms,medium,9.568
1784189221,3ae6c280,macos,aarch64,3,flatten,regex_replacements,medium,6.293
1784189221,3ae6c280,macos,aarch64,3,unflatten,baseline,medium,10.004
1784189221,3ae6c280,macos,aarch64,3,normal,baseline,medium,6.143
1784189221,3ae6c280,macos,aarch64,3,roundtrip,baseline,medium,10.589
1784189221,3ae6c280,macos,aarch64,3,batch_flatten,parallel,10,14.967
1784189221,3ae6c280,macos,aarch64,3,batch_flatten,parallel,100,62.302
1784189221,3ae6c280,macos,aarch64,3,batch_flatten,sequential,100,113.835
1784189316,3ae6c280,windows,x86_64,4,flatten,baseline,small,2.797
1784189316,3ae6c280,windows,x86_64,4,flatten,baseline,medium,4.322
1784189316,3ae6c280,windows,x86_64,4,flatten,baseline,large,6.604
1784189316,3ae6c280,windows,x86_64,4,flatten,all_transforms,medium,15.932
1784189316,3ae6c280,windows,x86_64,4,flatten,regex_replacements,medium,10.832
1784189316,3ae6c280,windows,x86_64,4,unflatten,baseline,medium,19.057
1784189316,3ae6c280,windows,x86_64,4,normal,baseline,medium,8.720
1784189316,3ae6c280,windows,x86_64,4,roundtrip,baseline,medium,18.901
1784189316,3ae6c280,windows,x86_64,4,batch_flatten,parallel,10,50.808
1784189316,3ae6c280,windows,x86_64,4,batch_flatten,parallel,100,145.379
1784189316,3ae6c280,windows,x86_64,4,batch_flatten,sequential,100,170.894
1784189337,3ae6c280,linux,x86_64,4,flatten,baseline,small,1.656
1784189337,3ae6c280,linux,x86_64,4,flatten,baseline,medium,3.063
1784189337,3ae6c280,linux,x86_64,4,flatten,baseline,large,4.516
1784189337,3ae6c280,linux,x86_64,4,flatten,all_transforms,medium,11.846
1784189337,3ae6c280,linux,x86_64,4,flatten,regex_replacements,medium,8.180
1784189337,3ae6c280,linux,x86_64,4,unflatten,baseline,medium,12.535
1784189337,3ae6c280,linux,x86_64,4,normal,baseline,medium,6.649
1784189337,3ae6c280,linux,x86_64,4,roundtrip,baseline,medium,12.477
1784189337,3ae6c280,linux,x86_64,4,batch_flatten,parallel,10,20.006
1784189337,3ae6c280,linux,x86_64,4,batch_flatten,parallel,100,111.610
1784189337,3ae6c280,linux,x86_64,4,batch_flatten,sequential,100,162.213
1784237629,bd56d682,macos,aarch64,3,flatten,baseline,small,1.286
1784237629,bd56d682,macos,aarch64,3,flatten,baseline,medium,2.186
1784237629,bd56d682,macos,aarch64,3,flatten,baseline,large,3.284
1784237629,bd56d682,macos,aarch64,3,flatten,all_transforms,medium,8.920
1784237629,bd56d682,macos,aarch64,3,flatten,regex_replacements,medium,6.357
1784237629,bd56d682,macos,aarch64,3,unflatten,baseline,medium,9.836
1784237629,bd56d682,macos,aarch64,3,normal,baseline,medium,5.580
1784237629,bd56d682,macos,aarch64,3,roundtrip,baseline,medium,9.742
1784237629,bd56d682,macos,aarch64,3,batch_flatten,parallel,10,14.351
1784237629,bd56d682,macos,aarch64,3,batch_flatten,parallel,100,59.092
1784237629,bd56d682,macos,aarch64,3,batch_flatten,sequential,100,122.152
1784237774,bd56d682,windows,x86_64,4,flatten,baseline,small,2.048
1784237774,bd56d682,windows,x86_64,4,flatten,baseline,medium,4.329
1784237774,bd56d682,windows,x86_64,4,flatten,baseline,large,6.291
1784237774,bd56d682,windows,x86_64,4,flatten,all_transforms,medium,15.212
1784237774,bd56d682,windows,x86_64,4,flatten,regex_replacements,medium,11.169
1784237774,bd56d682,windows,x86_64,4,unflatten,baseline,medium,19.028
1784237774,bd56d682,windows,x86_64,4,normal,baseline,medium,8.674
1784237774,bd56d682,windows,x86_64,4,roundtrip,baseline,medium,17.322
1784237774,bd56d682,windows,x86_64,4,batch_flatten,parallel,10,44.144
1784237774,bd56d682,windows,x86_64,4,batch_flatten,parallel,100,146.066
1784237774,bd56d682,windows,x86_64,4,batch_flatten,sequential,100,199.924
1784237587,bd56d682,linux,x86_64,4,flatten,baseline,small,1.399
1784237587,bd56d682,linux,x86_64,4,flatten,baseline,medium,2.659
1784237587,bd56d682,linux,x86_64,4,flatten,baseline,large,4.047
1784237587,bd56d682,linux,x86_64,4,flatten,all_transforms,medium,10.336
1784237587,bd56d682,linux,x86_64,4,flatten,regex_replacements,medium,7.799
1784237587,bd56d682,linux,x86_64,4,unflatten,baseline,medium,11.545
1784237587,bd56d682,linux,x86_64,4,normal,baseline,medium,4.803
1784237587,bd56d682,linux,x86_64,4,roundtrip,baseline,medium,11.519
1784237587,bd56d682,linux,x86_64,4,batch_flatten,parallel,10,16.999
1784237587,bd56d682,linux,x86_64,4,batch_flatten,parallel,100,74.721
1784237587,bd56d682,linux,x86_64,4,batch_flatten,sequential,100,135.586
1784328295,0365bab6,macos,aarch64,3,flatten,baseline,small,1.695
1784328295,0365bab6,macos,aarch64,3,flatten,baseline,medium,2.613
1784328295,0365bab6,macos,aarch64,3,flatten,baseline,large,4.106
1784328295,0365bab6,macos,aarch64,3,flatten,all_transforms,medium,16.740
1784328295,0365bab6,macos,aarch64,3,flatten,regex_replacements,medium,7.831
1784328295,0365bab6,macos,aarch64,3,unflatten,baseline,medium,11.450
1784328295,0365bab6,macos,aarch64,3,normal,baseline,medium,5.378
1784328295,0365bab6,macos,aarch64,3,roundtrip,baseline,medium,16.670
1784328295,0365bab6,macos,aarch64,3,batch_flatten,parallel,10,54.348
1784328295,0365bab6,macos,aarch64,3,batch_flatten,parallel,100,149.506
1784328295,0365bab6,macos,aarch64,3,batch_flatten,sequential,100,137.898
1784328281,0365bab6,windows,x86_64,4,flatten,baseline,small,2.229
1784328281,0365bab6,windows,x86_64,4,flatten,baseline,medium,4.242
1784328281,0365bab6,windows,x86_64,4,flatten,baseline,large,5.153
1784328281,0365bab6,windows,x86_64,4,flatten,all_transforms,medium,15.201
1784328281,0365bab6,windows,x86_64,4,flatten,regex_replacements,medium,11.529
1784328281,0365bab6,windows,x86_64,4,unflatten,baseline,medium,16.793
1784328281,0365bab6,windows,x86_64,4,normal,baseline,medium,7.748
1784328281,0365bab6,windows,x86_64,4,roundtrip,baseline,medium,17.566
1784328281,0365bab6,windows,x86_64,4,batch_flatten,parallel,10,53.728
1784328281,0365bab6,windows,x86_64,4,batch_flatten,parallel,100,156.168
1784328281,0365bab6,windows,x86_64,4,batch_flatten,sequential,100,170.967
1784328427,0365bab6,linux,x86_64,4,flatten,baseline,small,2.065
1784328427,0365bab6,linux,x86_64,4,flatten,baseline,medium,3.896
1784328427,0365bab6,linux,x86_64,4,flatten,baseline,large,5.701
1784328427,0365bab6,linux,x86_64,4,flatten,all_transforms,medium,14.261
1784328427,0365bab6,linux,x86_64,4,flatten,regex_replacements,medium,10.170
1784328427,0365bab6,linux,x86_64,4,unflatten,baseline,medium,15.258
1784328427,0365bab6,linux,x86_64,4,normal,baseline,medium,7.046
1784328427,0365bab6,linux,x86_64,4,roundtrip,baseline,medium,15.162
1784328427,0365bab6,linux,x86_64,4,batch_flatten,parallel,10,22.618
1784328427,0365bab6,linux,x86_64,4,batch_flatten,parallel,100,107.722
1784328427,0365bab6,linux,x86_64,4,batch_flatten,sequential,100,202.472
1784399712,b44eb36b,macos,aarch64,3,flatten,baseline,small,1.335
1784399712,b44eb36b,macos,aarch64,3,flatten,baseline,medium,2.209
1784399712,b44eb36b,macos,aarch64,3,flatten,baseline,large,3.366
1784399712,b44eb36b,macos,aarch64,3,flatten,all_transforms,medium,8.403
1784399712,b44eb36b,macos,aarch64,3,flatten,regex_replacements,medium,6.128
1784399712,b44eb36b,macos,aarch64,3,unflatten,baseline,medium,9.967
1784399712,b44eb36b,macos,aarch64,3,normal,baseline,medium,4.283
1784399712,b44eb36b,macos,aarch64,3,roundtrip,baseline,medium,9.901
1784399712,b44eb36b,macos,aarch64,3,batch_flatten,parallel,10,15.250
1784399712,b44eb36b,macos,aarch64,3,batch_flatten,parallel,100,58.946
1784399712,b44eb36b,macos,aarch64,3,batch_flatten,sequential,100,111.996
1784399804,b44eb36b,windows,x86_64,4,flatten,baseline,small,2.308
1784399804,b44eb36b,windows,x86_64,4,flatten,baseline,medium,3.782
1784399804,b44eb36b,windows,x86_64,4,flatten,baseline,large,5.610
1784399804,b44eb36b,windows,x86_64,4,flatten,all_transforms,medium,15.257
1784399804,b44eb36b,windows,x86_64,4,flatten,regex_replacements,medium,11.142
1784399804,b44eb36b,windows,x86_64,4,unflatten,baseline,medium,17.216
1784399804,b44eb36b,windows,x86_64,4,normal,baseline,medium,8.172
1784399804,b44eb36b,windows,x86_64,4,roundtrip,baseline,medium,17.229
1784399804,b44eb36b,windows,x86_64,4,batch_flatten,parallel,10,52.394
1784399804,b44eb36b,windows,x86_64,4,batch_flatten,parallel,100,144.893
1784399804,b44eb36b,windows,x86_64,4,batch_flatten,sequential,100,182.300
1784399761,b44eb36b,linux,x86_64,4,flatten,baseline,small,2.173
1784399761,b44eb36b,linux,x86_64,4,flatten,baseline,medium,3.967
1784399761,b44eb36b,linux,x86_64,4,flatten,baseline,large,5.890
1784399761,b44eb36b,linux,x86_64,4,flatten,all_transforms,medium,13.492
1784399761,b44eb36b,linux,x86_64,4,flatten,regex_replacements,medium,11.078
1784399761,b44eb36b,linux,x86_64,4,unflatten,baseline,medium,15.955
1784399761,b44eb36b,linux,x86_64,4,normal,baseline,medium,7.981
1784399761,b44eb36b,linux,x86_64,4,roundtrip,baseline,medium,15.287
1784399761,b44eb36b,linux,x86_64,4,batch_flatten,parallel,10,22.040
1784399761,b44eb36b,linux,x86_64,4,batch_flatten,parallel,100,106.872
1784399761,b44eb36b,linux,x86_64,4,batch_flatten,sequential,100,201.160
1784431871,8ea473cd,macos,aarch64,3,flatten,baseline,small,1.460
1784431871,8ea473cd,macos,aarch64,3,flatten,baseline,medium,3.000
1784431871,8ea473cd,macos,aarch64,3,flatten,baseline,large,3.564
1784431871,8ea473cd,macos,aarch64,3,flatten,all_transforms,medium,9.924
1784431871,8ea473cd,macos,aarch64,3,flatten,regex_replacements,medium,7.260
1784431871,8ea473cd,macos,aarch64,3,unflatten,baseline,medium,11.805
1784431871,8ea473cd,macos,aarch64,3,normal,baseline,medium,5.568
1784431871,8ea473cd,macos,aarch64,3,roundtrip,baseline,medium,11.722
1784431871,8ea473cd,macos,aarch64,3,batch_flatten,parallel,10,28.836
1784431871,8ea473cd,macos,aarch64,3,batch_flatten,parallel,100,72.580
1784431871,8ea473cd,macos,aarch64,3,batch_flatten,sequential,100,128.208
1784431950,8ea473cd,windows,x86_64,4,flatten,baseline,small,2.068
1784431950,8ea473cd,windows,x86_64,4,flatten,baseline,medium,3.771
1784431950,8ea473cd,windows,x86_64,4,flatten,baseline,large,5.890
1784431950,8ea473cd,windows,x86_64,4,flatten,all_transforms,medium,17.420
1784431950,8ea473cd,windows,x86_64,4,flatten,regex_replacements,medium,13.237
1784431950,8ea473cd,windows,x86_64,4,unflatten,baseline,medium,20.251
1784431950,8ea473cd,windows,x86_64,4,normal,baseline,medium,9.498
1784431950,8ea473cd,windows,x86_64,4,roundtrip,baseline,medium,19.512
1784431950,8ea473cd,windows,x86_64,4,batch_flatten,parallel,10,35.722
1784431950,8ea473cd,windows,x86_64,4,batch_flatten,parallel,100,158.235
1784431950,8ea473cd,windows,x86_64,4,batch_flatten,sequential,100,202.603
1784431852,8ea473cd,linux,x86_64,4,flatten,baseline,small,2.097
1784431852,8ea473cd,linux,x86_64,4,flatten,baseline,medium,3.950
1784431852,8ea473cd,linux,x86_64,4,flatten,baseline,large,5.865
1784431852,8ea473cd,linux,x86_64,4,flatten,all_transforms,medium,13.590
1784431852,8ea473cd,linux,x86_64,4,flatten,regex_replacements,medium,9.834
1784431852,8ea473cd,linux,x86_64,4,unflatten,baseline,medium,15.106
1784431852,8ea473cd,linux,x86_64,4,normal,baseline,medium,7.255
1784431852,8ea473cd,linux,x86_64,4,roundtrip,baseline,medium,15.118
1784431852,8ea473cd,linux,x86_64,4,batch_flatten,parallel,10,23.868
1784431852,8ea473cd,linux,x86_64,4,batch_flatten,parallel,100,118.580
1784431852,8ea473cd,linux,x86_64,4,batch_flatten,sequential,100,200.916
1784436791,b03c03af,macos,aarch64,3,flatten,baseline,small,1.561
1784436791,b03c03af,macos,aarch64,3,flatten,baseline,medium,2.640
1784436791,b03c03af,macos,aarch64,3,flatten,baseline,large,3.764
1784436791,b03c03af,macos,aarch64,3,flatten,all_transforms,medium,9.938
1784436791,b03c03af,macos,aarch64,3,flatten,regex_replacements,medium,8.277
1784436791,b03c03af,macos,aarch64,3,unflatten,baseline,medium,11.885
1784436791,b03c03af,macos,aarch64,3,normal,baseline,medium,7.289
1784436791,b03c03af,macos,aarch64,3,roundtrip,baseline,medium,11.248
1784436791,b03c03af,macos,aarch64,3,batch_flatten,parallel,10,14.592
1784436791,b03c03af,macos,aarch64,3,batch_flatten,parallel,100,64.612
1784436791,b03c03af,macos,aarch64,3,batch_flatten,sequential,100,132.181
1784436854,b03c03af,windows,x86_64,4,flatten,baseline,small,1.370
1784436854,b03c03af,windows,x86_64,4,flatten,baseline,medium,2.552
1784436854,b03c03af,windows,x86_64,4,flatten,baseline,large,3.748
1784436854,b03c03af,windows,x86_64,4,flatten,all_transforms,medium,11.116
1784436854,b03c03af,windows,x86_64,4,flatten,regex_replacements,medium,8.506
1784436854,b03c03af,windows,x86_64,4,unflatten,baseline,medium,13.041
1784436854,b03c03af,windows,x86_64,4,normal,baseline,medium,5.479
1784436854,b03c03af,windows,x86_64,4,roundtrip,baseline,medium,12.886
1784436854,b03c03af,windows,x86_64,4,batch_flatten,parallel,10,29.459
1784436854,b03c03af,windows,x86_64,4,batch_flatten,parallel,100,95.801
1784436854,b03c03af,windows,x86_64,4,batch_flatten,sequential,100,120.069
1784436754,b03c03af,linux,x86_64,4,flatten,baseline,small,2.131
1784436754,b03c03af,linux,x86_64,4,flatten,baseline,medium,3.935
1784436754,b03c03af,linux,x86_64,4,flatten,baseline,large,5.773
1784436754,b03c03af,linux,x86_64,4,flatten,all_transforms,medium,13.741
1784436754,b03c03af,linux,x86_64,4,flatten,regex_replacements,medium,9.926
1784436754,b03c03af,linux,x86_64,4,unflatten,baseline,medium,15.181
1784436754,b03c03af,linux,x86_64,4,normal,baseline,medium,7.250
1784436754,b03c03af,linux,x86_64,4,roundtrip,baseline,medium,15.331
1784436754,b03c03af,linux,x86_64,4,batch_flatten,parallel,10,22.562
1784436754,b03c03af,linux,x86_64,4,batch_flatten,parallel,100,105.846
1784436754,b03c03af,linux,x86_64,4,batch_flatten,sequential,100,204.063
1784441424,c062a31a,macos,aarch64,3,flatten,baseline,small,2.397
1784441424,c062a31a,macos,aarch64,3,flatten,baseline,medium,2.490
1784441424,c062a31a,macos,aarch64,3,flatten,baseline,large,4.894
1784441424,c062a31a,macos,aarch64,3,flatten,all_transforms,medium,9.652
1784441424,c062a31a,macos,aarch64,3,flatten,regex_replacements,medium,7.943
1784441424,c062a31a,macos,aarch64,3,unflatten,baseline,medium,19.244
1784441424,c062a31a,macos,aarch64,3,normal,baseline,medium,4.911
1784441424,c062a31a,macos,aarch64,3,roundtrip,baseline,medium,11.959
1784441424,c062a31a,macos,aarch64,3,batch_flatten,parallel,10,32.582
1784441424,c062a31a,macos,aarch64,3,batch_flatten,parallel,100,126.923
1784441424,c062a31a,macos,aarch64,3,batch_flatten,sequential,100,163.330
1784441484,c062a31a,windows,x86_64,4,flatten,baseline,small,2.029
1784441484,c062a31a,windows,x86_64,4,flatten,baseline,medium,4.230
1784441484,c062a31a,windows,x86_64,4,flatten,baseline,large,5.655
1784441484,c062a31a,windows,x86_64,4,flatten,all_transforms,medium,15.957
1784441484,c062a31a,windows,x86_64,4,flatten,regex_replacements,medium,12.141
1784441484,c062a31a,windows,x86_64,4,unflatten,baseline,medium,19.931
1784441484,c062a31a,windows,x86_64,4,normal,baseline,medium,9.174
1784441484,c062a31a,windows,x86_64,4,roundtrip,baseline,medium,18.024
1784441484,c062a31a,windows,x86_64,4,batch_flatten,parallel,10,42.883
1784441484,c062a31a,windows,x86_64,4,batch_flatten,parallel,100,140.744
1784441484,c062a31a,windows,x86_64,4,batch_flatten,sequential,100,203.830
1784441960,c062a31a,linux,x86_64,4,flatten,baseline,small,2.170
1784441960,c062a31a,linux,x86_64,4,flatten,baseline,medium,4.064
1784441960,c062a31a,linux,x86_64,4,flatten,baseline,large,5.945
1784441960,c062a31a,linux,x86_64,4,flatten,all_transforms,medium,13.974
1784441960,c062a31a,linux,x86_64,4,flatten,regex_replacements,medium,10.382
1784441960,c062a31a,linux,x86_64,4,unflatten,baseline,medium,15.678
1784441960,c062a31a,linux,x86_64,4,normal,baseline,medium,7.362
1784441960,c062a31a,linux,x86_64,4,roundtrip,baseline,medium,15.623
1784441960,c062a31a,linux,x86_64,4,batch_flatten,parallel,10,22.569
1784441960,c062a31a,linux,x86_64,4,batch_flatten,parallel,100,108.652
1784441960,c062a31a,linux,x86_64,4,batch_flatten,sequential,100,205.380
1784448585,a77f9c4d,macos,aarch64,3,flatten,baseline,small,1.928
1784448585,a77f9c4d,macos,aarch64,3,flatten,baseline,medium,2.759
1784448585,a77f9c4d,macos,aarch64,3,flatten,baseline,large,4.115
1784448585,a77f9c4d,macos,aarch64,3,flatten,all_transforms,medium,13.059
1784448585,a77f9c4d,macos,aarch64,3,flatten,regex_replacements,medium,9.252
1784448585,a77f9c4d,macos,aarch64,3,unflatten,baseline,medium,15.831
1784448585,a77f9c4d,macos,aarch64,3,normal,baseline,medium,8.075
1784448585,a77f9c4d,macos,aarch64,3,roundtrip,baseline,medium,16.053
1784448585,a77f9c4d,macos,aarch64,3,batch_flatten,parallel,10,34.974
1784448585,a77f9c4d,macos,aarch64,3,batch_flatten,parallel,100,162.930
1784448585,a77f9c4d,macos,aarch64,3,batch_flatten,sequential,100,164.184
1784448638,a77f9c4d,windows,x86_64,4,flatten,baseline,small,2.382
1784448638,a77f9c4d,windows,x86_64,4,flatten,baseline,medium,4.407
1784448638,a77f9c4d,windows,x86_64,4,flatten,baseline,large,6.366
1784448638,a77f9c4d,windows,x86_64,4,flatten,all_transforms,medium,15.383
1784448638,a77f9c4d,windows,x86_64,4,flatten,regex_replacements,medium,12.247
1784448638,a77f9c4d,windows,x86_64,4,unflatten,baseline,medium,17.592
1784448638,a77f9c4d,windows,x86_64,4,normal,baseline,medium,8.470
1784448638,a77f9c4d,windows,x86_64,4,roundtrip,baseline,medium,16.772
1784448638,a77f9c4d,windows,x86_64,4,batch_flatten,parallel,10,52.706
1784448638,a77f9c4d,windows,x86_64,4,batch_flatten,parallel,100,151.145
1784448638,a77f9c4d,windows,x86_64,4,batch_flatten,sequential,100,214.889
1784448656,a77f9c4d,linux,x86_64,4,flatten,baseline,small,2.211
1784448656,a77f9c4d,linux,x86_64,4,flatten,baseline,medium,4.108
1784448656,a77f9c4d,linux,x86_64,4,flatten,baseline,large,6.112
1784448656,a77f9c4d,linux,x86_64,4,flatten,all_transforms,medium,13.915
1784448656,a77f9c4d,linux,x86_64,4,flatten,regex_replacements,medium,10.062
1784448656,a77f9c4d,linux,x86_64,4,unflatten,baseline,medium,15.639
1784448656,a77f9c4d,linux,x86_64,4,normal,baseline,medium,7.440
1784448656,a77f9c4d,linux,x86_64,4,roundtrip,baseline,medium,15.270
1784448656,a77f9c4d,linux,x86_64,4,batch_flatten,parallel,10,23.386
1784448656,a77f9c4d,linux,x86_64,4,batch_flatten,parallel,100,109.657
1784448656,a77f9c4d,linux,x86_64,4,batch_flatten,sequential,100,206.849
1784449844,c13299ee,macos,aarch64,3,flatten,baseline,small,1.339
1784449844,c13299ee,macos,aarch64,3,flatten,baseline,medium,2.197
1784449844,c13299ee,macos,aarch64,3,flatten,baseline,large,3.364
1784449844,c13299ee,macos,aarch64,3,flatten,all_transforms,medium,8.487
1784449844,c13299ee,macos,aarch64,3,flatten,regex_replacements,medium,6.453
1784449844,c13299ee,macos,aarch64,3,unflatten,baseline,medium,10.930
1784449844,c13299ee,macos,aarch64,3,normal,baseline,medium,4.707
1784449844,c13299ee,macos,aarch64,3,roundtrip,baseline,medium,10.590
1784449844,c13299ee,macos,aarch64,3,batch_flatten,parallel,10,14.712
1784449844,c13299ee,macos,aarch64,3,batch_flatten,parallel,100,58.316
1784449844,c13299ee,macos,aarch64,3,batch_flatten,sequential,100,111.704
1784449901,c13299ee,windows,x86_64,4,flatten,baseline,small,2.080
1784449901,c13299ee,windows,x86_64,4,flatten,baseline,medium,3.540
1784449901,c13299ee,windows,x86_64,4,flatten,baseline,large,5.374
1784449901,c13299ee,windows,x86_64,4,flatten,all_transforms,medium,15.079
1784449901,c13299ee,windows,x86_64,4,flatten,regex_replacements,medium,11.083
1784449901,c13299ee,windows,x86_64,4,unflatten,baseline,medium,17.520
1784449901,c13299ee,windows,x86_64,4,normal,baseline,medium,8.465
1784449901,c13299ee,windows,x86_64,4,roundtrip,baseline,medium,17.584
1784449901,c13299ee,windows,x86_64,4,batch_flatten,parallel,10,52.363
1784449901,c13299ee,windows,x86_64,4,batch_flatten,parallel,100,148.924
1784449901,c13299ee,windows,x86_64,4,batch_flatten,sequential,100,177.861
1784449927,c13299ee,linux,x86_64,4,flatten,baseline,small,2.158
1784449927,c13299ee,linux,x86_64,4,flatten,baseline,medium,4.068
1784449927,c13299ee,linux,x86_64,4,flatten,baseline,large,6.970
1784449927,c13299ee,linux,x86_64,4,flatten,all_transforms,medium,14.093
1784449927,c13299ee,linux,x86_64,4,flatten,regex_replacements,medium,10.262
1784449927,c13299ee,linux,x86_64,4,unflatten,baseline,medium,15.347
1784449927,c13299ee,linux,x86_64,4,normal,baseline,medium,7.696
1784449927,c13299ee,linux,x86_64,4,roundtrip,baseline,medium,16.621
1784449927,c13299ee,linux,x86_64,4,batch_flatten,parallel,10,21.961
1784449927,c13299ee,linux,x86_64,4,batch_flatten,parallel,100,108.101
1784449927,c13299ee,linux,x86_64,4,batch_flatten,sequential,100,204.757
1784452579,adc7f303,macos,aarch64,3,flatten,baseline,small,1.359
1784452579,adc7f303,macos,aarch64,3,flatten,baseline,medium,2.260
1784452579,adc7f303,macos,aarch64,3,flatten,baseline,large,3.430
1784452579,adc7f303,macos,aarch64,3,flatten,all_transforms,medium,8.801
1784452579,adc7f303,macos,aarch64,3,flatten,regex_replacements,medium,6.485
1784452579,adc7f303,macos,aarch64,3,unflatten,baseline,medium,10.448
1784452579,adc7f303,macos,aarch64,3,normal,baseline,medium,4.869
1784452579,adc7f303,macos,aarch64,3,roundtrip,baseline,medium,10.880
1784452579,adc7f303,macos,aarch64,3,batch_flatten,parallel,10,17.127
1784452579,adc7f303,macos,aarch64,3,batch_flatten,parallel,100,71.643
1784452579,adc7f303,macos,aarch64,3,batch_flatten,sequential,100,119.491
1784452691,adc7f303,windows,x86_64,4,flatten,baseline,small,2.309
1784452691,adc7f303,windows,x86_64,4,flatten,baseline,medium,4.259
1784452691,adc7f303,windows,x86_64,4,flatten,baseline,large,5.732
1784452691,adc7f303,windows,x86_64,4,flatten,all_transforms,medium,15.234
1784452691,adc7f303,windows,x86_64,4,flatten,regex_replacements,medium,10.957
1784452691,adc7f303,windows,x86_64,4,unflatten,baseline,medium,16.801
1784452691,adc7f303,windows,x86_64,4,normal,baseline,medium,8.141
1784452691,adc7f303,windows,x86_64,4,roundtrip,baseline,medium,16.528
1784452691,adc7f303,windows,x86_64,4,batch_flatten,parallel,10,53.012
1784452691,adc7f303,windows,x86_64,4,batch_flatten,parallel,100,148.728
1784452691,adc7f303,windows,x86_64,4,batch_flatten,sequential,100,174.290
1784452624,adc7f303,linux,x86_64,4,flatten,baseline,small,1.990
1784452624,adc7f303,linux,x86_64,4,flatten,baseline,medium,3.551
1784452624,adc7f303,linux,x86_64,4,flatten,baseline,large,5.436
1784452624,adc7f303,linux,x86_64,4,flatten,all_transforms,medium,13.240
1784452624,adc7f303,linux,x86_64,4,flatten,regex_replacements,medium,9.424
1784452624,adc7f303,linux,x86_64,4,unflatten,baseline,medium,15.007
1784452624,adc7f303,linux,x86_64,4,normal,baseline,medium,6.841
1784452624,adc7f303,linux,x86_64,4,roundtrip,baseline,medium,15.219
1784452624,adc7f303,linux,x86_64,4,batch_flatten,parallel,10,20.838
1784452624,adc7f303,linux,x86_64,4,batch_flatten,parallel,100,100.328
1784452624,adc7f303,linux,x86_64,4,batch_flatten,sequential,100,191.181
1784525144,88a84f45,macos,aarch64,3,flatten,baseline,small,1.802
1784525144,88a84f45,macos,aarch64,3,flatten,baseline,medium,2.500
1784525144,88a84f45,macos,aarch64,3,flatten,baseline,large,5.571
1784525144,88a84f45,macos,aarch64,3,flatten,all_transforms,medium,12.959
1784525144,88a84f45,macos,aarch64,3,flatten,regex_replacements,medium,7.151
1784525144,88a84f45,macos,aarch64,3,unflatten,baseline,medium,13.555
1784525144,88a84f45,macos,aarch64,3,normal,baseline,medium,5.801
1784525144,88a84f45,macos,aarch64,3,roundtrip,baseline,medium,13.547
1784525144,88a84f45,macos,aarch64,3,batch_flatten,parallel,10,37.367
1784525144,88a84f45,macos,aarch64,3,batch_flatten,parallel,100,192.165
1784525144,88a84f45,macos,aarch64,3,batch_flatten,sequential,100,157.620
1784525169,88a84f45,windows,x86_64,4,flatten,baseline,small,2.464
1784525169,88a84f45,windows,x86_64,4,flatten,baseline,medium,4.453
1784525169,88a84f45,windows,x86_64,4,flatten,baseline,large,6.447
1784525169,88a84f45,windows,x86_64,4,flatten,all_transforms,medium,16.862
1784525169,88a84f45,windows,x86_64,4,flatten,regex_replacements,medium,10.793
1784525169,88a84f45,windows,x86_64,4,unflatten,baseline,medium,16.888
1784525169,88a84f45,windows,x86_64,4,normal,baseline,medium,8.137
1784525169,88a84f45,windows,x86_64,4,roundtrip,baseline,medium,16.546
1784525169,88a84f45,windows,x86_64,4,batch_flatten,parallel,10,49.906
1784525169,88a84f45,windows,x86_64,4,batch_flatten,parallel,100,144.419
1784525169,88a84f45,windows,x86_64,4,batch_flatten,sequential,100,191.325
1784525104,88a84f45,linux,x86_64,4,flatten,baseline,small,2.206
1784525104,88a84f45,linux,x86_64,4,flatten,baseline,medium,4.067
1784525104,88a84f45,linux,x86_64,4,flatten,baseline,large,6.092
1784525104,88a84f45,linux,x86_64,4,flatten,all_transforms,medium,16.660
1784525104,88a84f45,linux,x86_64,4,flatten,regex_replacements,medium,10.113
1784525104,88a84f45,linux,x86_64,4,unflatten,baseline,medium,15.295
1784525104,88a84f45,linux,x86_64,4,normal,baseline,medium,7.337
1784525104,88a84f45,linux,x86_64,4,roundtrip,baseline,medium,15.300
1784525104,88a84f45,linux,x86_64,4,batch_flatten,parallel,10,22.095
1784525104,88a84f45,linux,x86_64,4,batch_flatten,parallel,100,110.014
1784525104,88a84f45,linux,x86_64,4,batch_flatten,sequential,100,204.598
1784529121,bcd0d69c,macos,aarch64,3,flatten,baseline,small,1.316
1784529121,bcd0d69c,macos,aarch64,3,flatten,baseline,medium,2.292
1784529121,bcd0d69c,macos,aarch64,3,flatten,baseline,large,3.425
1784529121,bcd0d69c,macos,aarch64,3,flatten,all_transforms,medium,9.201
1784529121,bcd0d69c,macos,aarch64,3,flatten,regex_replacements,medium,6.800
1784529121,bcd0d69c,macos,aarch64,3,unflatten,baseline,medium,10.276
1784529121,bcd0d69c,macos,aarch64,3,normal,baseline,medium,5.613
1784529121,bcd0d69c,macos,aarch64,3,roundtrip,baseline,medium,10.043
1784529121,bcd0d69c,macos,aarch64,3,batch_flatten,parallel,10,17.076
1784529121,bcd0d69c,macos,aarch64,3,batch_flatten,parallel,100,70.556
1784529121,bcd0d69c,macos,aarch64,3,batch_flatten,sequential,100,123.633
1784529180,bcd0d69c,windows,x86_64,4,flatten,baseline,small,1.603
1784529180,bcd0d69c,windows,x86_64,4,flatten,baseline,medium,2.832
1784529180,bcd0d69c,windows,x86_64,4,flatten,baseline,large,4.302
1784529180,bcd0d69c,windows,x86_64,4,flatten,all_transforms,medium,12.462
1784529180,bcd0d69c,windows,x86_64,4,flatten,regex_replacements,medium,8.377
1784529180,bcd0d69c,windows,x86_64,4,unflatten,baseline,medium,13.499
1784529180,bcd0d69c,windows,x86_64,4,normal,baseline,medium,6.130
1784529180,bcd0d69c,windows,x86_64,4,roundtrip,baseline,medium,13.803
1784529180,bcd0d69c,windows,x86_64,4,batch_flatten,parallel,10,27.152
1784529180,bcd0d69c,windows,x86_64,4,batch_flatten,parallel,100,101.567
1784529180,bcd0d69c,windows,x86_64,4,batch_flatten,sequential,100,135.188
1784529122,bcd0d69c,linux,x86_64,4,flatten,baseline,small,2.218
1784529122,bcd0d69c,linux,x86_64,4,flatten,baseline,medium,4.070
1784529122,bcd0d69c,linux,x86_64,4,flatten,baseline,large,5.848
1784529122,bcd0d69c,linux,x86_64,4,flatten,all_transforms,medium,15.079
1784529122,bcd0d69c,linux,x86_64,4,flatten,regex_replacements,medium,10.090
1784529122,bcd0d69c,linux,x86_64,4,unflatten,baseline,medium,15.520
1784529122,bcd0d69c,linux,x86_64,4,normal,baseline,medium,7.430
1784529122,bcd0d69c,linux,x86_64,4,roundtrip,baseline,medium,15.550
1784529122,bcd0d69c,linux,x86_64,4,batch_flatten,parallel,10,21.923
1784529122,bcd0d69c,linux,x86_64,4,batch_flatten,parallel,100,109.403
1784529122,bcd0d69c,linux,x86_64,4,batch_flatten,sequential,100,210.877
1784537389,ffc7fb45,macos,aarch64,3,flatten,baseline,small,1.568
1784537389,ffc7fb45,macos,aarch64,3,flatten,baseline,medium,3.239
1784537389,ffc7fb45,macos,aarch64,3,flatten,baseline,large,5.193
1784537389,ffc7fb45,macos,aarch64,3,flatten,all_transforms,medium,12.580
1784537389,ffc7fb45,macos,aarch64,3,flatten,regex_replacements,medium,9.676
1784537389,ffc7fb45,macos,aarch64,3,unflatten,baseline,medium,12.265
1784537389,ffc7fb45,macos,aarch64,3,normal,baseline,medium,6.330
1784537389,ffc7fb45,macos,aarch64,3,roundtrip,baseline,medium,13.942
1784537389,ffc7fb45,macos,aarch64,3,batch_flatten,parallel,10,39.879
1784537389,ffc7fb45,macos,aarch64,3,batch_flatten,parallel,100,194.790
1784537389,ffc7fb45,macos,aarch64,3,batch_flatten,sequential,100,167.345
1784537431,ffc7fb45,windows,x86_64,4,flatten,baseline,small,2.378
1784537431,ffc7fb45,windows,x86_64,4,flatten,baseline,medium,3.688
1784537431,ffc7fb45,windows,x86_64,4,flatten,baseline,large,5.372
1784537431,ffc7fb45,windows,x86_64,4,flatten,all_transforms,medium,16.013
1784537431,ffc7fb45,windows,x86_64,4,flatten,regex_replacements,medium,10.667
1784537431,ffc7fb45,windows,x86_64,4,unflatten,baseline,medium,17.243
1784537431,ffc7fb45,windows,x86_64,4,normal,baseline,medium,7.400
1784537431,ffc7fb45,windows,x86_64,4,roundtrip,baseline,medium,17.110
1784537431,ffc7fb45,windows,x86_64,4,batch_flatten,parallel,10,40.460
1784537431,ffc7fb45,windows,x86_64,4,batch_flatten,parallel,100,130.387
1784537431,ffc7fb45,windows,x86_64,4,batch_flatten,sequential,100,175.417
1784537366,ffc7fb45,linux,x86_64,4,flatten,baseline,small,1.500
1784537366,ffc7fb45,linux,x86_64,4,flatten,baseline,medium,2.617
1784537366,ffc7fb45,linux,x86_64,4,flatten,baseline,large,4.037
1784537366,ffc7fb45,linux,x86_64,4,flatten,all_transforms,medium,10.690
1784537366,ffc7fb45,linux,x86_64,4,flatten,regex_replacements,medium,7.256
1784537366,ffc7fb45,linux,x86_64,4,unflatten,baseline,medium,11.933
1784537366,ffc7fb45,linux,x86_64,4,normal,baseline,medium,5.047
1784537366,ffc7fb45,linux,x86_64,4,roundtrip,baseline,medium,11.815
1784537366,ffc7fb45,linux,x86_64,4,batch_flatten,parallel,10,18.627
1784537366,ffc7fb45,linux,x86_64,4,batch_flatten,parallel,100,77.837
1784537366,ffc7fb45,linux,x86_64,4,batch_flatten,sequential,100,131.742
1784926695,4be4f393,macos,aarch64,3,flatten,baseline,small,1.387
1784926695,4be4f393,macos,aarch64,3,flatten,baseline,medium,2.648
1784926695,4be4f393,macos,aarch64,3,flatten,baseline,large,4.166
1784926695,4be4f393,macos,aarch64,3,flatten,all_transforms,medium,11.189
1784926695,4be4f393,macos,aarch64,3,flatten,regex_replacements,medium,9.548
1784926695,4be4f393,macos,aarch64,3,unflatten,baseline,medium,12.499
1784926695,4be4f393,macos,aarch64,3,normal,baseline,medium,5.399
1784926695,4be4f393,macos,aarch64,3,roundtrip,baseline,medium,14.778
1784926695,4be4f393,macos,aarch64,3,batch_flatten,parallel,10,51.751
1784926695,4be4f393,macos,aarch64,3,batch_flatten,parallel,100,153.873
1784926695,4be4f393,macos,aarch64,3,batch_flatten,sequential,100,107.645
1784926755,4be4f393,windows,x86_64,4,flatten,baseline,small,1.748
1784926755,4be4f393,windows,x86_64,4,flatten,baseline,medium,3.188
1784926755,4be4f393,windows,x86_64,4,flatten,baseline,large,4.662
1784926755,4be4f393,windows,x86_64,4,flatten,all_transforms,medium,15.403
1784926755,4be4f393,windows,x86_64,4,flatten,regex_replacements,medium,10.211
1784926755,4be4f393,windows,x86_64,4,unflatten,baseline,medium,17.035
1784926755,4be4f393,windows,x86_64,4,normal,baseline,medium,6.905
1784926755,4be4f393,windows,x86_64,4,roundtrip,baseline,medium,17.203
1784926755,4be4f393,windows,x86_64,4,batch_flatten,parallel,10,38.527
1784926755,4be4f393,windows,x86_64,4,batch_flatten,parallel,100,117.781
1784926755,4be4f393,windows,x86_64,4,batch_flatten,sequential,100,144.300
1784926661,4be4f393,linux,x86_64,4,flatten,baseline,small,1.898
1784926661,4be4f393,linux,x86_64,4,flatten,baseline,medium,3.135
1784926661,4be4f393,linux,x86_64,4,flatten,baseline,large,4.855
1784926661,4be4f393,linux,x86_64,4,flatten,all_transforms,medium,14.612
1784926661,4be4f393,linux,x86_64,4,flatten,regex_replacements,medium,9.252
1784926661,4be4f393,linux,x86_64,4,unflatten,baseline,medium,14.433
1784926661,4be4f393,linux,x86_64,4,normal,baseline,medium,6.498
1784926661,4be4f393,linux,x86_64,4,roundtrip,baseline,medium,14.539
1784926661,4be4f393,linux,x86_64,4,batch_flatten,parallel,10,21.321
1784926661,4be4f393,linux,x86_64,4,batch_flatten,parallel,100,98.230
1784926661,4be4f393,linux,x86_64,4,batch_flatten,sequential,100,190.904
1784937320,b5c7e930,macos,aarch64,3,flatten,baseline,small,1.252
1784937320,b5c7e930,macos,aarch64,3,flatten,baseline,medium,1.988
1784937320,b5c7e930,macos,aarch64,3,flatten,baseline,large,3.860
1784937320,b5c7e930,macos,aarch64,3,flatten,all_transforms,medium,14.022
1784937320,b5c7e930,macos,aarch64,3,flatten,regex_replacements,medium,8.834
1784937320,b5c7e930,macos,aarch64,3,unflatten,baseline,medium,11.849
1784937320,b5c7e930,macos,aarch64,3,normal,baseline,medium,5.628
1784937320,b5c7e930,macos,aarch64,3,roundtrip,baseline,medium,11.181
1784937320,b5c7e930,macos,aarch64,3,batch_flatten,parallel,10,14.740
1784937320,b5c7e930,macos,aarch64,3,batch_flatten,parallel,100,58.236
1784937320,b5c7e930,macos,aarch64,3,batch_flatten,sequential,100,94.647
1784937402,b5c7e930,windows,x86_64,4,flatten,baseline,small,1.855
1784937402,b5c7e930,windows,x86_64,4,flatten,baseline,medium,3.236
1784937402,b5c7e930,windows,x86_64,4,flatten,baseline,large,4.692
1784937402,b5c7e930,windows,x86_64,4,flatten,all_transforms,medium,15.916
1784937402,b5c7e930,windows,x86_64,4,flatten,regex_replacements,medium,10.440
1784937402,b5c7e930,windows,x86_64,4,unflatten,baseline,medium,15.905
1784937402,b5c7e930,windows,x86_64,4,normal,baseline,medium,7.812
1784937402,b5c7e930,windows,x86_64,4,roundtrip,baseline,medium,15.792
1784937402,b5c7e930,windows,x86_64,4,batch_flatten,parallel,10,51.657
1784937402,b5c7e930,windows,x86_64,4,batch_flatten,parallel,100,136.329
1784937402,b5c7e930,windows,x86_64,4,batch_flatten,sequential,100,147.683
1784937362,b5c7e930,linux,x86_64,4,flatten,baseline,small,1.780
1784937362,b5c7e930,linux,x86_64,4,flatten,baseline,medium,3.085
1784937362,b5c7e930,linux,x86_64,4,flatten,baseline,large,4.708
1784937362,b5c7e930,linux,x86_64,4,flatten,all_transforms,medium,14.016
1784937362,b5c7e930,linux,x86_64,4,flatten,regex_replacements,medium,9.114
1784937362,b5c7e930,linux,x86_64,4,unflatten,baseline,medium,14.016
1784937362,b5c7e930,linux,x86_64,4,normal,baseline,medium,6.507
1784937362,b5c7e930,linux,x86_64,4,roundtrip,baseline,medium,14.084
1784937362,b5c7e930,linux,x86_64,4,batch_flatten,parallel,10,22.172
1784937362,b5c7e930,linux,x86_64,4,batch_flatten,parallel,100,94.457
1784937362,b5c7e930,linux,x86_64,4,batch_flatten,sequential,100,163.458
1784953852,5b211f11,macos,aarch64,3,flatten,baseline,small,1.182
1784953852,5b211f11,macos,aarch64,3,flatten,baseline,medium,1.855
1784953852,5b211f11,macos,aarch64,3,flatten,baseline,large,2.877
1784953852,5b211f11,macos,aarch64,3,flatten,all_transforms,medium,9.080
1784953852,5b211f11,macos,aarch64,3,flatten,regex_replacements,medium,6.310
1784953852,5b211f11,macos,aarch64,3,unflatten,baseline,medium,9.264
1784953852,5b211f11,macos,aarch64,3,normal,baseline,medium,4.240
1784953852,5b211f11,macos,aarch64,3,roundtrip,baseline,medium,9.649
1784953852,5b211f11,macos,aarch64,3,batch_flatten,parallel,10,14.727
1784953852,5b211f11,macos,aarch64,3,batch_flatten,parallel,100,92.797
1784953852,5b211f11,macos,aarch64,3,batch_flatten,sequential,100,109.383
1784953950,5b211f11,windows,x86_64,4,flatten,baseline,small,1.870
1784953950,5b211f11,windows,x86_64,4,flatten,baseline,medium,3.247
1784953950,5b211f11,windows,x86_64,4,flatten,baseline,large,5.391
1784953950,5b211f11,windows,x86_64,4,flatten,all_transforms,medium,16.729
1784953950,5b211f11,windows,x86_64,4,flatten,regex_replacements,medium,11.357
1784953950,5b211f11,windows,x86_64,4,unflatten,baseline,medium,17.043
1784953950,5b211f11,windows,x86_64,4,normal,baseline,medium,9.377
1784953950,5b211f11,windows,x86_64,4,roundtrip,baseline,medium,16.636
1784953950,5b211f11,windows,x86_64,4,batch_flatten,parallel,10,36.181
1784953950,5b211f11,windows,x86_64,4,batch_flatten,parallel,100,151.425
1784953950,5b211f11,windows,x86_64,4,batch_flatten,sequential,100,165.552
1784953835,5b211f11,linux,x86_64,4,flatten,baseline,small,1.798
1784953835,5b211f11,linux,x86_64,4,flatten,baseline,medium,3.078
1784953835,5b211f11,linux,x86_64,4,flatten,baseline,large,4.661
1784953835,5b211f11,linux,x86_64,4,flatten,all_transforms,medium,13.966
1784953835,5b211f11,linux,x86_64,4,flatten,regex_replacements,medium,9.202
1784953835,5b211f11,linux,x86_64,4,unflatten,baseline,medium,13.995
1784953835,5b211f11,linux,x86_64,4,normal,baseline,medium,6.610
1784953835,5b211f11,linux,x86_64,4,roundtrip,baseline,medium,13.886
1784953835,5b211f11,linux,x86_64,4,batch_flatten,parallel,10,20.193
1784953835,5b211f11,linux,x86_64,4,batch_flatten,parallel,100,94.626
1784953835,5b211f11,linux,x86_64,4,batch_flatten,sequential,100,163.393
1784954676,b666b575,macos,aarch64,3,flatten,baseline,small,1.128
1784954676,b666b575,macos,aarch64,3,flatten,baseline,medium,1.793
1784954676,b666b575,macos,aarch64,3,flatten,baseline,large,2.798
1784954676,b666b575,macos,aarch64,3,flatten,all_transforms,medium,8.681
1784954676,b666b575,macos,aarch64,3,flatten,regex_replacements,medium,6.032
1784954676,b666b575,macos,aarch64,3,unflatten,baseline,medium,8.888
1784954676,b666b575,macos,aarch64,3,normal,baseline,medium,4.095
1784954676,b666b575,macos,aarch64,3,roundtrip,baseline,medium,8.961
1784954676,b666b575,macos,aarch64,3,batch_flatten,parallel,10,14.930
1784954676,b666b575,macos,aarch64,3,batch_flatten,parallel,100,59.534
1784954676,b666b575,macos,aarch64,3,batch_flatten,sequential,100,95.192
1784954791,b666b575,windows,x86_64,4,flatten,baseline,small,1.720
1784954791,b666b575,windows,x86_64,4,flatten,baseline,medium,2.719
1784954791,b666b575,windows,x86_64,4,flatten,baseline,large,4.346
1784954791,b666b575,windows,x86_64,4,flatten,all_transforms,medium,16.002
1784954791,b666b575,windows,x86_64,4,flatten,regex_replacements,medium,9.844
1784954791,b666b575,windows,x86_64,4,unflatten,baseline,medium,14.379
1784954791,b666b575,windows,x86_64,4,normal,baseline,medium,7.308
1784954791,b666b575,windows,x86_64,4,roundtrip,baseline,medium,14.541
1784954791,b666b575,windows,x86_64,4,batch_flatten,parallel,10,43.750
1784954791,b666b575,windows,x86_64,4,batch_flatten,parallel,100,139.974
1784954791,b666b575,windows,x86_64,4,batch_flatten,sequential,100,148.847
1784954727,b666b575,linux,x86_64,4,flatten,baseline,small,1.798
1784954727,b666b575,linux,x86_64,4,flatten,baseline,medium,3.108
1784954727,b666b575,linux,x86_64,4,flatten,baseline,large,4.658
1784954727,b666b575,linux,x86_64,4,flatten,all_transforms,medium,14.145
1784954727,b666b575,linux,x86_64,4,flatten,regex_replacements,medium,9.237
1784954727,b666b575,linux,x86_64,4,unflatten,baseline,medium,13.869
1784954727,b666b575,linux,x86_64,4,normal,baseline,medium,6.516
1784954727,b666b575,linux,x86_64,4,roundtrip,baseline,medium,13.769
1784954727,b666b575,linux,x86_64,4,batch_flatten,parallel,10,21.461
1784954727,b666b575,linux,x86_64,4,batch_flatten,parallel,100,96.289
1784954727,b666b575,linux,x86_64,4,batch_flatten,sequential,100,162.504
1784955404,345d1775,macos,aarch64,3,flatten,baseline,small,1.434
1784955404,345d1775,macos,aarch64,3,flatten,baseline,medium,1.945
1784955404,345d1775,macos,aarch64,3,flatten,baseline,large,2.939
1784955404,345d1775,macos,aarch64,3,flatten,all_transforms,medium,10.165
1784955404,345d1775,macos,aarch64,3,flatten,regex_replacements,medium,6.632
1784955404,345d1775,macos,aarch64,3,unflatten,baseline,medium,11.065
1784955404,345d1775,macos,aarch64,3,normal,baseline,medium,4.836
1784955404,345d1775,macos,aarch64,3,roundtrip,baseline,medium,10.145
1784955404,345d1775,macos,aarch64,3,batch_flatten,parallel,10,20.431
1784955404,345d1775,macos,aarch64,3,batch_flatten,parallel,100,79.299
1784955404,345d1775,macos,aarch64,3,batch_flatten,sequential,100,108.970
1784955553,345d1775,windows,x86_64,4,flatten,baseline,small,1.247
1784955553,345d1775,windows,x86_64,4,flatten,baseline,medium,2.060
1784955553,345d1775,windows,x86_64,4,flatten,baseline,large,3.108
1784955553,345d1775,windows,x86_64,4,flatten,all_transforms,medium,9.843
1784955553,345d1775,windows,x86_64,4,flatten,regex_replacements,medium,6.689
1784955553,345d1775,windows,x86_64,4,unflatten,baseline,medium,10.300
1784955553,345d1775,windows,x86_64,4,normal,baseline,medium,4.930
1784955553,345d1775,windows,x86_64,4,roundtrip,baseline,medium,9.915
1784955553,345d1775,windows,x86_64,4,batch_flatten,parallel,10,40.030
1784955553,345d1775,windows,x86_64,4,batch_flatten,parallel,100,103.061
1784955553,345d1775,windows,x86_64,4,batch_flatten,sequential,100,107.972
1784955488,345d1775,linux,x86_64,4,flatten,baseline,small,1.772
1784955488,345d1775,linux,x86_64,4,flatten,baseline,medium,3.071
1784955488,345d1775,linux,x86_64,4,flatten,baseline,large,5.296
1784955488,345d1775,linux,x86_64,4,flatten,all_transforms,medium,14.003
1784955488,345d1775,linux,x86_64,4,flatten,regex_replacements,medium,9.418
1784955488,345d1775,linux,x86_64,4,unflatten,baseline,medium,13.901
1784955488,345d1775,linux,x86_64,4,normal,baseline,medium,6.558
1784955488,345d1775,linux,x86_64,4,roundtrip,baseline,medium,13.965
1784955488,345d1775,linux,x86_64,4,batch_flatten,parallel,10,21.990
1784955488,345d1775,linux,x86_64,4,batch_flatten,parallel,100,94.079
1784955488,345d1775,linux,x86_64,4,batch_flatten,sequential,100,164.861
1785032811,d722b285,macos,aarch64,3,flatten,baseline,small,1.127
1785032811,d722b285,macos,aarch64,3,flatten,baseline,medium,1.779
1785032811,d722b285,macos,aarch64,3,flatten,baseline,large,2.797
1785032811,d722b285,macos,aarch64,3,flatten,all_transforms,medium,8.640
1785032811,d722b285,macos,aarch64,3,flatten,regex_replacements,medium,6.027
1785032811,d722b285,macos,aarch64,3,unflatten,baseline,medium,9.053
1785032811,d722b285,macos,aarch64,3,normal,baseline,medium,3.892
1785032811,d722b285,macos,aarch64,3,roundtrip,baseline,medium,11.414
1785032811,d722b285,macos,aarch64,3,batch_flatten,parallel,10,15.799
1785032811,d722b285,macos,aarch64,3,batch_flatten,parallel,100,60.538
1785032811,d722b285,macos,aarch64,3,batch_flatten,sequential,100,95.979
1785032886,d722b285,windows,x86_64,4,flatten,baseline,small,1.921
1785032886,d722b285,windows,x86_64,4,flatten,baseline,medium,3.100
1785032886,d722b285,windows,x86_64,4,flatten,baseline,large,4.765
1785032886,d722b285,windows,x86_64,4,flatten,all_transforms,medium,16.193
1785032886,d722b285,windows,x86_64,4,flatten,regex_replacements,medium,10.376
1785032886,d722b285,windows,x86_64,4,unflatten,baseline,medium,15.996
1785032886,d722b285,windows,x86_64,4,normal,baseline,medium,7.639
1785032886,d722b285,windows,x86_64,4,roundtrip,baseline,medium,15.939
1785032886,d722b285,windows,x86_64,4,batch_flatten,parallel,10,47.388
1785032886,d722b285,windows,x86_64,4,batch_flatten,parallel,100,133.317
1785032886,d722b285,windows,x86_64,4,batch_flatten,sequential,100,156.810
1785033152,d722b285,linux,x86_64,4,flatten,baseline,small,1.712
1785033152,d722b285,linux,x86_64,4,flatten,baseline,medium,2.967
1785033152,d722b285,linux,x86_64,4,flatten,baseline,large,4.516
1785033152,d722b285,linux,x86_64,4,flatten,all_transforms,medium,13.596
1785033152,d722b285,linux,x86_64,4,flatten,regex_replacements,medium,8.855
1785033152,d722b285,linux,x86_64,4,unflatten,baseline,medium,13.690
1785033152,d722b285,linux,x86_64,4,normal,baseline,medium,6.286
1785033152,d722b285,linux,x86_64,4,roundtrip,baseline,medium,13.713
1785033152,d722b285,linux,x86_64,4,batch_flatten,parallel,10,20.351
1785033152,d722b285,linux,x86_64,4,batch_flatten,parallel,100,91.609
1785033152,d722b285,linux,x86_64,4,batch_flatten,sequential,100,152.247
1785144593,4b1f7dfe,macos,aarch64,3,flatten,baseline,small,1.183
1785144593,4b1f7dfe,macos,aarch64,3,flatten,baseline,medium,1.784
1785144593,4b1f7dfe,macos,aarch64,3,flatten,baseline,large,2.995
1785144593,4b1f7dfe,macos,aarch64,3,flatten,all_transforms,medium,9.110
1785144593,4b1f7dfe,macos,aarch64,3,flatten,regex_replacements,medium,6.644
1785144593,4b1f7dfe,macos,aarch64,3,unflatten,baseline,medium,9.630
1785144593,4b1f7dfe,macos,aarch64,3,normal,baseline,medium,3.997
1785144593,4b1f7dfe,macos,aarch64,3,roundtrip,baseline,medium,9.019
1785144593,4b1f7dfe,macos,aarch64,3,batch_flatten,parallel,10,16.616
1785144593,4b1f7dfe,macos,aarch64,3,batch_flatten,parallel,100,89.046
1785144593,4b1f7dfe,macos,aarch64,3,batch_flatten,sequential,100,104.738
1785144616,4b1f7dfe,windows,x86_64,4,flatten,baseline,small,2.163
1785144616,4b1f7dfe,windows,x86_64,4,flatten,baseline,medium,3.193
1785144616,4b1f7dfe,windows,x86_64,4,flatten,baseline,large,4.956
1785144616,4b1f7dfe,windows,x86_64,4,flatten,all_transforms,medium,16.754
1785144616,4b1f7dfe,windows,x86_64,4,flatten,regex_replacements,medium,11.295
1785144616,4b1f7dfe,windows,x86_64,4,unflatten,baseline,medium,20.254
1785144616,4b1f7dfe,windows,x86_64,4,normal,baseline,medium,8.666
1785144616,4b1f7dfe,windows,x86_64,4,roundtrip,baseline,medium,15.699
1785144616,4b1f7dfe,windows,x86_64,4,batch_flatten,parallel,10,32.392
1785144616,4b1f7dfe,windows,x86_64,4,batch_flatten,parallel,100,133.549
1785144616,4b1f7dfe,windows,x86_64,4,batch_flatten,sequential,100,154.776
1785144571,4b1f7dfe,linux,x86_64,4,flatten,baseline,small,1.713
1785144571,4b1f7dfe,linux,x86_64,4,flatten,baseline,medium,2.909
1785144571,4b1f7dfe,linux,x86_64,4,flatten,baseline,large,4.878
1785144571,4b1f7dfe,linux,x86_64,4,flatten,all_transforms,medium,13.732
1785144571,4b1f7dfe,linux,x86_64,4,flatten,regex_replacements,medium,8.957
1785144571,4b1f7dfe,linux,x86_64,4,unflatten,baseline,medium,13.698
1785144571,4b1f7dfe,linux,x86_64,4,normal,baseline,medium,6.349
1785144571,4b1f7dfe,linux,x86_64,4,roundtrip,baseline,medium,13.695
1785144571,4b1f7dfe,linux,x86_64,4,batch_flatten,parallel,10,20.376
1785144571,4b1f7dfe,linux,x86_64,4,batch_flatten,parallel,100,95.954
1785144571,4b1f7dfe,linux,x86_64,4,batch_flatten,sequential,100,157.754
1785147255,1dedc145,macos,aarch64,3,flatten,baseline,small,1.441
1785147255,1dedc145,macos,aarch64,3,flatten,baseline,medium,2.181
1785147255,1dedc145,macos,aarch64,3,flatten,baseline,large,3.584
1785147255,1dedc145,macos,aarch64,3,flatten,all_transforms,medium,11.895
1785147255,1dedc145,macos,aarch64,3,flatten,regex_replacements,medium,8.578
1785147255,1dedc145,macos,aarch64,3,unflatten,baseline,medium,9.772
1785147255,1dedc145,macos,aarch64,3,normal,baseline,medium,4.772
1785147255,1dedc145,macos,aarch64,3,roundtrip,baseline,medium,13.078
1785147255,1dedc145,macos,aarch64,3,batch_flatten,parallel,10,81.319
1785147255,1dedc145,macos,aarch64,3,batch_flatten,parallel,100,136.292
1785147255,1dedc145,macos,aarch64,3,batch_flatten,sequential,100,115.107
1785147332,1dedc145,windows,x86_64,4,flatten,baseline,small,1.898
1785147332,1dedc145,windows,x86_64,4,flatten,baseline,medium,3.265
1785147332,1dedc145,windows,x86_64,4,flatten,baseline,large,4.872
1785147332,1dedc145,windows,x86_64,4,flatten,all_transforms,medium,17.979
1785147332,1dedc145,windows,x86_64,4,flatten,regex_replacements,medium,10.287
1785147332,1dedc145,windows,x86_64,4,unflatten,baseline,medium,15.864
1785147332,1dedc145,windows,x86_64,4,normal,baseline,medium,7.555
1785147332,1dedc145,windows,x86_64,4,roundtrip,baseline,medium,15.626
1785147332,1dedc145,windows,x86_64,4,batch_flatten,parallel,10,48.770
1785147332,1dedc145,windows,x86_64,4,batch_flatten,parallel,100,131.939
1785147332,1dedc145,windows,x86_64,4,batch_flatten,sequential,100,147.777
1785147281,1dedc145,linux,x86_64,4,flatten,baseline,small,1.692
1785147281,1dedc145,linux,x86_64,4,flatten,baseline,medium,2.966
1785147281,1dedc145,linux,x86_64,4,flatten,baseline,large,4.519
1785147281,1dedc145,linux,x86_64,4,flatten,all_transforms,medium,13.862
1785147281,1dedc145,linux,x86_64,4,flatten,regex_replacements,medium,8.931
1785147281,1dedc145,linux,x86_64,4,unflatten,baseline,medium,13.839
1785147281,1dedc145,linux,x86_64,4,normal,baseline,medium,6.250
1785147281,1dedc145,linux,x86_64,4,roundtrip,baseline,medium,13.837
1785147281,1dedc145,linux,x86_64,4,batch_flatten,parallel,10,22.634
1785147281,1dedc145,linux,x86_64,4,batch_flatten,parallel,100,96.158
1785147281,1dedc145,linux,x86_64,4,batch_flatten,sequential,100,151.913
1785180721,7acd7e52,macos,aarch64,3,flatten,baseline,small,1.168
1785180721,7acd7e52,macos,aarch64,3,flatten,baseline,medium,1.909
1785180721,7acd7e52,macos,aarch64,3,flatten,baseline,large,3.301
1785180721,7acd7e52,macos,aarch64,3,flatten,all_transforms,medium,9.465
1785180721,7acd7e52,macos,aarch64,3,flatten,regex_replacements,medium,8.074
1785180721,7acd7e52,macos,aarch64,3,unflatten,baseline,medium,9.765
1785180721,7acd7e52,macos,aarch64,3,normal,baseline,medium,4.579
1785180721,7acd7e52,macos,aarch64,3,roundtrip,baseline,medium,12.535
1785180721,7acd7e52,macos,aarch64,3,batch_flatten,parallel,10,19.644
1785180721,7acd7e52,macos,aarch64,3,batch_flatten,parallel,100,81.493
1785180721,7acd7e52,macos,aarch64,3,batch_flatten,sequential,100,106.122
1785180728,7acd7e52,windows,x86_64,4,flatten,baseline,small,1.797
1785180728,7acd7e52,windows,x86_64,4,flatten,baseline,medium,3.094
1785180728,7acd7e52,windows,x86_64,4,flatten,baseline,large,4.797
1785180728,7acd7e52,windows,x86_64,4,flatten,all_transforms,medium,16.074
1785180728,7acd7e52,windows,x86_64,4,flatten,regex_replacements,medium,10.171
1785180728,7acd7e52,windows,x86_64,4,unflatten,baseline,medium,16.082
1785180728,7acd7e52,windows,x86_64,4,normal,baseline,medium,7.402
1785180728,7acd7e52,windows,x86_64,4,roundtrip,baseline,medium,16.230
1785180728,7acd7e52,windows,x86_64,4,batch_flatten,parallel,10,48.500
1785180728,7acd7e52,windows,x86_64,4,batch_flatten,parallel,100,133.711
1785180728,7acd7e52,windows,x86_64,4,batch_flatten,sequential,100,153.786
1785180668,7acd7e52,linux,x86_64,4,flatten,baseline,small,1.567
1785180668,7acd7e52,linux,x86_64,4,flatten,baseline,medium,2.761
1785180668,7acd7e52,linux,x86_64,4,flatten,baseline,large,4.275
1785180668,7acd7e52,linux,x86_64,4,flatten,all_transforms,medium,12.661
1785180668,7acd7e52,linux,x86_64,4,flatten,regex_replacements,medium,8.710
1785180668,7acd7e52,linux,x86_64,4,unflatten,baseline,medium,13.846
1785180668,7acd7e52,linux,x86_64,4,normal,baseline,medium,6.358
1785180668,7acd7e52,linux,x86_64,4,roundtrip,baseline,medium,14.114
1785180668,7acd7e52,linux,x86_64,4,batch_flatten,parallel,10,21.233
1785180668,7acd7e52,linux,x86_64,4,batch_flatten,parallel,100,89.447
1785180668,7acd7e52,linux,x86_64,4,batch_flatten,sequential,100,150.009
1785182740,b43a160c,macos,aarch64,3,flatten,baseline,small,1.301
1785182740,b43a160c,macos,aarch64,3,flatten,baseline,medium,2.545
1785182740,b43a160c,macos,aarch64,3,flatten,baseline,large,4.443
1785182740,b43a160c,macos,aarch64,3,flatten,all_transforms,medium,12.844
1785182740,b43a160c,macos,aarch64,3,flatten,regex_replacements,medium,8.146
1785182740,b43a160c,macos,aarch64,3,unflatten,baseline,medium,12.617
1785182740,b43a160c,macos,aarch64,3,normal,baseline,medium,5.401
1785182740,b43a160c,macos,aarch64,3,roundtrip,baseline,medium,13.033
1785182740,b43a160c,macos,aarch64,3,batch_flatten,parallel,10,127.777
1785182740,b43a160c,macos,aarch64,3,batch_flatten,parallel,100,369.514
1785182740,b43a160c,macos,aarch64,3,batch_flatten,sequential,100,136.897
1785182819,b43a160c,windows,x86_64,4,flatten,baseline,small,1.766
1785182819,b43a160c,windows,x86_64,4,flatten,baseline,medium,2.999
1785182819,b43a160c,windows,x86_64,4,flatten,baseline,large,4.559
1785182819,b43a160c,windows,x86_64,4,flatten,all_transforms,medium,15.729
1785182819,b43a160c,windows,x86_64,4,flatten,regex_replacements,medium,10.329
1785182819,b43a160c,windows,x86_64,4,unflatten,baseline,medium,16.535
1785182819,b43a160c,windows,x86_64,4,normal,baseline,medium,7.661
1785182819,b43a160c,windows,x86_64,4,roundtrip,baseline,medium,16.077
1785182819,b43a160c,windows,x86_64,4,batch_flatten,parallel,10,39.531
1785182819,b43a160c,windows,x86_64,4,batch_flatten,parallel,100,120.536
1785182819,b43a160c,windows,x86_64,4,batch_flatten,sequential,100,145.274
1785183075,b43a160c,linux,x86_64,4,flatten,baseline,small,1.830
1785183075,b43a160c,linux,x86_64,4,flatten,baseline,medium,3.105
1785183075,b43a160c,linux,x86_64,4,flatten,baseline,large,4.980
1785183075,b43a160c,linux,x86_64,4,flatten,all_transforms,medium,14.829
1785183075,b43a160c,linux,x86_64,4,flatten,regex_replacements,medium,9.411
1785183075,b43a160c,linux,x86_64,4,unflatten,baseline,medium,13.986
1785183075,b43a160c,linux,x86_64,4,normal,baseline,medium,6.348
1785183075,b43a160c,linux,x86_64,4,roundtrip,baseline,medium,13.973
1785183075,b43a160c,linux,x86_64,4,batch_flatten,parallel,10,20.053
1785183075,b43a160c,linux,x86_64,4,batch_flatten,parallel,100,94.331
1785183075,b43a160c,linux,x86_64,4,batch_flatten,sequential,100,165.991
1785190922,b34c7915,macos,aarch64,3,flatten,baseline,small,1.245
1785190922,b34c7915,macos,aarch64,3,flatten,baseline,medium,2.033
1785190922,b34c7915,macos,aarch64,3,flatten,baseline,large,6.488
1785190922,b34c7915,macos,aarch64,3,flatten,all_transforms,medium,9.596
1785190922,b34c7915,macos,aarch64,3,flatten,regex_replacements,medium,6.896
1785190922,b34c7915,macos,aarch64,3,unflatten,baseline,medium,10.477
1785190922,b34c7915,macos,aarch64,3,normal,baseline,medium,4.689
1785190922,b34c7915,macos,aarch64,3,roundtrip,baseline,medium,10.124
1785190922,b34c7915,macos,aarch64,3,batch_flatten,parallel,10,16722.454
1785190922,b34c7915,macos,aarch64,3,batch_flatten,parallel,100,661.208
1785190922,b34c7915,macos,aarch64,3,batch_flatten,sequential,100,105.240
1785191025,b34c7915,windows,x86_64,4,flatten,baseline,small,1.755
1785191025,b34c7915,windows,x86_64,4,flatten,baseline,medium,2.999
1785191025,b34c7915,windows,x86_64,4,flatten,baseline,large,4.562
1785191025,b34c7915,windows,x86_64,4,flatten,all_transforms,medium,15.918
1785191025,b34c7915,windows,x86_64,4,flatten,regex_replacements,medium,10.418
1785191025,b34c7915,windows,x86_64,4,unflatten,baseline,medium,16.056
1785191025,b34c7915,windows,x86_64,4,normal,baseline,medium,6.958
1785191025,b34c7915,windows,x86_64,4,roundtrip,baseline,medium,16.065
1785191025,b34c7915,windows,x86_64,4,batch_flatten,parallel,10,41.268
1785191025,b34c7915,windows,x86_64,4,batch_flatten,parallel,100,121.134
1785191025,b34c7915,windows,x86_64,4,batch_flatten,sequential,100,156.648
1785190905,b34c7915,linux,x86_64,4,flatten,baseline,small,1.580
1785190905,b34c7915,linux,x86_64,4,flatten,baseline,medium,2.752
1785190905,b34c7915,linux,x86_64,4,flatten,baseline,large,4.359
1785190905,b34c7915,linux,x86_64,4,flatten,all_transforms,medium,12.553
1785190905,b34c7915,linux,x86_64,4,flatten,regex_replacements,medium,8.699
1785190905,b34c7915,linux,x86_64,4,unflatten,baseline,medium,14.310
1785190905,b34c7915,linux,x86_64,4,normal,baseline,medium,6.221
1785190905,b34c7915,linux,x86_64,4,roundtrip,baseline,medium,14.708
1785190905,b34c7915,linux,x86_64,4,batch_flatten,parallel,10,21.201
1785190905,b34c7915,linux,x86_64,4,batch_flatten,parallel,100,92.926
1785190905,b34c7915,linux,x86_64,4,batch_flatten,sequential,100,156.522
1785205052,7d8db471,macos,aarch64,3,flatten,baseline,small,1.215
1785205052,7d8db471,macos,aarch64,3,flatten,baseline,medium,1.953
1785205052,7d8db471,macos,aarch64,3,flatten,baseline,large,3.113
1785205052,7d8db471,macos,aarch64,3,flatten,all_transforms,medium,9.526
1785205052,7d8db471,macos,aarch64,3,flatten,regex_replacements,medium,8.459
1785205052,7d8db471,macos,aarch64,3,unflatten,baseline,medium,11.447
1785205052,7d8db471,macos,aarch64,3,normal,baseline,medium,4.612
1785205052,7d8db471,macos,aarch64,3,roundtrip,baseline,medium,9.454
1785205052,7d8db471,macos,aarch64,3,batch_flatten,parallel,10,21.622
1785205052,7d8db471,macos,aarch64,3,batch_flatten,parallel,100,59.073
1785205052,7d8db471,macos,aarch64,3,batch_flatten,sequential,100,101.280
1785205130,7d8db471,windows,x86_64,4,flatten,baseline,small,1.914
1785205130,7d8db471,windows,x86_64,4,flatten,baseline,medium,3.376
1785205130,7d8db471,windows,x86_64,4,flatten,baseline,large,4.704
1785205130,7d8db471,windows,x86_64,4,flatten,all_transforms,medium,17.350
1785205130,7d8db471,windows,x86_64,4,flatten,regex_replacements,medium,10.473
1785205130,7d8db471,windows,x86_64,4,unflatten,baseline,medium,15.863
1785205130,7d8db471,windows,x86_64,4,normal,baseline,medium,7.420
1785205130,7d8db471,windows,x86_64,4,roundtrip,baseline,medium,15.950
1785205130,7d8db471,windows,x86_64,4,batch_flatten,parallel,10,50.071
1785205130,7d8db471,windows,x86_64,4,batch_flatten,parallel,100,134.613
1785205130,7d8db471,windows,x86_64,4,batch_flatten,sequential,100,156.089
1785205075,7d8db471,linux,x86_64,4,flatten,baseline,small,1.911
1785205075,7d8db471,linux,x86_64,4,flatten,baseline,medium,3.312
1785205075,7d8db471,linux,x86_64,4,flatten,baseline,large,5.156
1785205075,7d8db471,linux,x86_64,4,flatten,all_transforms,medium,14.861
1785205075,7d8db471,linux,x86_64,4,flatten,regex_replacements,medium,9.985
1785205075,7d8db471,linux,x86_64,4,unflatten,baseline,medium,16.403
1785205075,7d8db471,linux,x86_64,4,normal,baseline,medium,6.752
1785205075,7d8db471,linux,x86_64,4,roundtrip,baseline,medium,16.385
1785205075,7d8db471,linux,x86_64,4,batch_flatten,parallel,10,23.801
1785205075,7d8db471,linux,x86_64,4,batch_flatten,parallel,100,102.452
1785205075,7d8db471,linux,x86_64,4,batch_flatten,sequential,100,167.776
1785208450,02b3dab8,macos,aarch64,3,flatten,baseline,small,1.254
1785208450,02b3dab8,macos,aarch64,3,flatten,baseline,medium,2.290
1785208450,02b3dab8,macos,aarch64,3,flatten,baseline,large,3.492
1785208450,02b3dab8,macos,aarch64,3,flatten,all_transforms,medium,11.599
1785208450,02b3dab8,macos,aarch64,3,flatten,regex_replacements,medium,6.794
1785208450,02b3dab8,macos,aarch64,3,unflatten,baseline,medium,10.796
1785208450,02b3dab8,macos,aarch64,3,normal,baseline,medium,7.250
1785208450,02b3dab8,macos,aarch64,3,roundtrip,baseline,medium,11.797
1785208450,02b3dab8,macos,aarch64,3,batch_flatten,parallel,10,20.541
1785208450,02b3dab8,macos,aarch64,3,batch_flatten,parallel,100,88.199
1785208450,02b3dab8,macos,aarch64,3,batch_flatten,sequential,100,108.236
1785208801,02b3dab8,windows,x86_64,4,flatten,baseline,small,1.726
1785208801,02b3dab8,windows,x86_64,4,flatten,baseline,medium,2.990
1785208801,02b3dab8,windows,x86_64,4,flatten,baseline,large,4.878
1785208801,02b3dab8,windows,x86_64,4,flatten,all_transforms,medium,16.160
1785208801,02b3dab8,windows,x86_64,4,flatten,regex_replacements,medium,10.871
1785208801,02b3dab8,windows,x86_64,4,unflatten,baseline,medium,16.558
1785208801,02b3dab8,windows,x86_64,4,normal,baseline,medium,7.097
1785208801,02b3dab8,windows,x86_64,4,roundtrip,baseline,medium,16.161
1785208801,02b3dab8,windows,x86_64,4,batch_flatten,parallel,10,37.620
1785208801,02b3dab8,windows,x86_64,4,batch_flatten,parallel,100,122.913
1785208801,02b3dab8,windows,x86_64,4,batch_flatten,sequential,100,156.614
1785208382,02b3dab8,linux,x86_64,4,flatten,baseline,small,1.493
1785208382,02b3dab8,linux,x86_64,4,flatten,baseline,medium,2.649
1785208382,02b3dab8,linux,x86_64,4,flatten,baseline,large,3.866
1785208382,02b3dab8,linux,x86_64,4,flatten,all_transforms,medium,12.503
1785208382,02b3dab8,linux,x86_64,4,flatten,regex_replacements,medium,8.407
1785208382,02b3dab8,linux,x86_64,4,unflatten,baseline,medium,12.178
1785208382,02b3dab8,linux,x86_64,4,normal,baseline,medium,6.473
1785208382,02b3dab8,linux,x86_64,4,roundtrip,baseline,medium,12.245
1785208382,02b3dab8,linux,x86_64,4,batch_flatten,parallel,10,19.898
1785208382,02b3dab8,linux,x86_64,4,batch_flatten,parallel,100,108.264
1785208382,02b3dab8,linux,x86_64,4,batch_flatten,sequential,100,147.752
1785230407,dce97fc0,macos,aarch64,3,flatten,baseline,small,1.394
1785230407,dce97fc0,macos,aarch64,3,flatten,baseline,medium,2.083
1785230407,dce97fc0,macos,aarch64,3,flatten,baseline,large,3.222
1785230407,dce97fc0,macos,aarch64,3,flatten,all_transforms,medium,11.016
1785230407,dce97fc0,macos,aarch64,3,flatten,regex_replacements,medium,9.231
1785230407,dce97fc0,macos,aarch64,3,unflatten,baseline,medium,18.156
1785230407,dce97fc0,macos,aarch64,3,normal,baseline,medium,7.836
1785230407,dce97fc0,macos,aarch64,3,roundtrip,baseline,medium,18.713
1785230407,dce97fc0,macos,aarch64,3,batch_flatten,parallel,10,41.079
1785230407,dce97fc0,macos,aarch64,3,batch_flatten,parallel,100,150.014
1785230407,dce97fc0,macos,aarch64,3,batch_flatten,sequential,100,199.208
1785230489,dce97fc0,windows,x86_64,4,flatten,baseline,small,1.936
1785230489,dce97fc0,windows,x86_64,4,flatten,baseline,medium,3.274
1785230489,dce97fc0,windows,x86_64,4,flatten,baseline,large,4.620
1785230489,dce97fc0,windows,x86_64,4,flatten,all_transforms,medium,16.540
1785230489,dce97fc0,windows,x86_64,4,flatten,regex_replacements,medium,10.384
1785230489,dce97fc0,windows,x86_64,4,unflatten,baseline,medium,15.881
1785230489,dce97fc0,windows,x86_64,4,normal,baseline,medium,7.627
1785230489,dce97fc0,windows,x86_64,4,roundtrip,baseline,medium,15.867
1785230489,dce97fc0,windows,x86_64,4,batch_flatten,parallel,10,52.320
1785230489,dce97fc0,windows,x86_64,4,batch_flatten,parallel,100,135.801
1785230489,dce97fc0,windows,x86_64,4,batch_flatten,sequential,100,154.494
1785230388,dce97fc0,linux,x86_64,4,flatten,baseline,small,1.677
1785230388,dce97fc0,linux,x86_64,4,flatten,baseline,medium,2.962
1785230388,dce97fc0,linux,x86_64,4,flatten,baseline,large,4.762
1785230388,dce97fc0,linux,x86_64,4,flatten,all_transforms,medium,13.633
1785230388,dce97fc0,linux,x86_64,4,flatten,regex_replacements,medium,9.282
1785230388,dce97fc0,linux,x86_64,4,unflatten,baseline,medium,14.178
1785230388,dce97fc0,linux,x86_64,4,normal,baseline,medium,6.125
1785230388,dce97fc0,linux,x86_64,4,roundtrip,baseline,medium,14.279
1785230388,dce97fc0,linux,x86_64,4,batch_flatten,parallel,10,24.725
1785230388,dce97fc0,linux,x86_64,4,batch_flatten,parallel,100,92.557
1785230388,dce97fc0,linux,x86_64,4,batch_flatten,sequential,100,151.611
1785278106,741d7baa,macos,aarch64,3,flatten,baseline,small,2.213
1785278106,741d7baa,macos,aarch64,3,flatten,baseline,medium,3.280
1785278106,741d7baa,macos,aarch64,3,flatten,baseline,large,11.485
1785278106,741d7baa,macos,aarch64,3,flatten,all_transforms,medium,16.020
1785278106,741d7baa,macos,aarch64,3,flatten,regex_replacements,medium,11.052
1785278106,741d7baa,macos,aarch64,3,unflatten,baseline,medium,15.424
1785278106,741d7baa,macos,aarch64,3,normal,baseline,medium,6.729
1785278106,741d7baa,macos,aarch64,3,roundtrip,baseline,medium,15.511
1785278106,741d7baa,macos,aarch64,3,batch_flatten,parallel,10,95.253
1785278106,741d7baa,macos,aarch64,3,batch_flatten,parallel,100,19134.259
1785278106,741d7baa,macos,aarch64,3,batch_flatten,sequential,100,163.801
1785278081,741d7baa,windows,x86_64,4,flatten,baseline,small,1.859
1785278081,741d7baa,windows,x86_64,4,flatten,baseline,medium,3.189
1785278081,741d7baa,windows,x86_64,4,flatten,baseline,large,4.867
1785278081,741d7baa,windows,x86_64,4,flatten,all_transforms,medium,16.666
1785278081,741d7baa,windows,x86_64,4,flatten,regex_replacements,medium,10.571
1785278081,741d7baa,windows,x86_64,4,unflatten,baseline,medium,15.690
1785278081,741d7baa,windows,x86_64,4,normal,baseline,medium,7.295
1785278081,741d7baa,windows,x86_64,4,roundtrip,baseline,medium,15.690
1785278081,741d7baa,windows,x86_64,4,batch_flatten,parallel,10,51.466
1785278081,741d7baa,windows,x86_64,4,batch_flatten,parallel,100,136.642
1785278081,741d7baa,windows,x86_64,4,batch_flatten,sequential,100,152.525
1785278213,741d7baa,linux,x86_64,4,flatten,baseline,small,1.736
1785278213,741d7baa,linux,x86_64,4,flatten,baseline,medium,2.980
1785278213,741d7baa,linux,x86_64,4,flatten,baseline,large,4.681
1785278213,741d7baa,linux,x86_64,4,flatten,all_transforms,medium,13.885
1785278213,741d7baa,linux,x86_64,4,flatten,regex_replacements,medium,8.869
1785278213,741d7baa,linux,x86_64,4,unflatten,baseline,medium,14.376
1785278213,741d7baa,linux,x86_64,4,normal,baseline,medium,6.384
1785278213,741d7baa,linux,x86_64,4,roundtrip,baseline,medium,13.593
1785278213,741d7baa,linux,x86_64,4,batch_flatten,parallel,10,20.927
1785278213,741d7baa,linux,x86_64,4,batch_flatten,parallel,100,93.043
1785278213,741d7baa,linux,x86_64,4,batch_flatten,sequential,100,156.238
1785302250,ca0c31c0,macos,aarch64,3,flatten,baseline,small,1.413
1785302250,ca0c31c0,macos,aarch64,3,flatten,baseline,medium,2.246
1785302250,ca0c31c0,macos,aarch64,3,flatten,baseline,large,3.811
1785302250,ca0c31c0,macos,aarch64,3,flatten,all_transforms,medium,9.449
1785302250,ca0c31c0,macos,aarch64,3,flatten,regex_replacements,medium,6.686
1785302250,ca0c31c0,macos,aarch64,3,unflatten,baseline,medium,10.353
1785302250,ca0c31c0,macos,aarch64,3,normal,baseline,medium,6.245
1785302250,ca0c31c0,macos,aarch64,3,roundtrip,baseline,medium,12.248
1785302250,ca0c31c0,macos,aarch64,3,batch_flatten,parallel,10,46.177
1785302250,ca0c31c0,macos,aarch64,3,batch_flatten,parallel,100,156.985
1785302250,ca0c31c0,macos,aarch64,3,batch_flatten,sequential,100,115.528
1785302320,ca0c31c0,windows,x86_64,4,flatten,baseline,small,1.866
1785302320,ca0c31c0,windows,x86_64,4,flatten,baseline,medium,3.180
1785302320,ca0c31c0,windows,x86_64,4,flatten,baseline,large,4.789
1785302320,ca0c31c0,windows,x86_64,4,flatten,all_transforms,medium,18.338
1785302320,ca0c31c0,windows,x86_64,4,flatten,regex_replacements,medium,10.756
1785302320,ca0c31c0,windows,x86_64,4,unflatten,baseline,medium,16.285
1785302320,ca0c31c0,windows,x86_64,4,normal,baseline,medium,7.444
1785302320,ca0c31c0,windows,x86_64,4,roundtrip,baseline,medium,17.105
1785302320,ca0c31c0,windows,x86_64,4,batch_flatten,parallel,10,53.766
1785302320,ca0c31c0,windows,x86_64,4,batch_flatten,parallel,100,145.923
1785302320,ca0c31c0,windows,x86_64,4,batch_flatten,sequential,100,154.491
1785302277,ca0c31c0,linux,x86_64,4,flatten,baseline,small,1.840
1785302277,ca0c31c0,linux,x86_64,4,flatten,baseline,medium,3.088
1785302277,ca0c31c0,linux,x86_64,4,flatten,baseline,large,4.764
1785302277,ca0c31c0,linux,x86_64,4,flatten,all_transforms,medium,13.947
1785302277,ca0c31c0,linux,x86_64,4,flatten,regex_replacements,medium,9.058
1785302277,ca0c31c0,linux,x86_64,4,unflatten,baseline,medium,13.860
1785302277,ca0c31c0,linux,x86_64,4,normal,baseline,medium,6.385
1785302277,ca0c31c0,linux,x86_64,4,roundtrip,baseline,medium,13.821
1785302277,ca0c31c0,linux,x86_64,4,batch_flatten,parallel,10,20.717
1785302277,ca0c31c0,linux,x86_64,4,batch_flatten,parallel,100,99.414
1785302277,ca0c31c0,linux,x86_64,4,batch_flatten,sequential,100,165.468
1785317568,5a113313,macos,aarch64,3,flatten,baseline,small,1.196
1785317568,5a113313,macos,aarch64,3,flatten,baseline,medium,1.973
1785317568,5a113313,macos,aarch64,3,flatten,baseline,large,3.207
1785317568,5a113313,macos,aarch64,3,flatten,all_transforms,medium,10.980
1785317568,5a113313,macos,aarch64,3,flatten,regex_replacements,medium,7.099
1785317568,5a113313,macos,aarch64,3,unflatten,baseline,medium,11.758
1785317568,5a113313,macos,aarch64,3,normal,baseline,medium,4.410
1785317568,5a113313,macos,aarch64,3,roundtrip,baseline,medium,9.872
1785317568,5a113313,macos,aarch64,3,batch_flatten,parallel,10,30.288
1785317568,5a113313,macos,aarch64,3,batch_flatten,parallel,100,156.420
1785317568,5a113313,macos,aarch64,3,batch_flatten,sequential,100,144.277
1785317644,5a113313,windows,x86_64,4,flatten,baseline,small,1.957
1785317644,5a113313,windows,x86_64,4,flatten,baseline,medium,3.725
1785317644,5a113313,windows,x86_64,4,flatten,baseline,large,5.388
1785317644,5a113313,windows,x86_64,4,flatten,all_transforms,medium,20.797
1785317644,5a113313,windows,x86_64,4,flatten,regex_replacements,medium,14.582
1785317644,5a113313,windows,x86_64,4,unflatten,baseline,medium,17.340
1785317644,5a113313,windows,x86_64,4,normal,baseline,medium,7.888
1785317644,5a113313,windows,x86_64,4,roundtrip,baseline,medium,15.949
1785317644,5a113313,windows,x86_64,4,batch_flatten,parallel,10,39.064
1785317644,5a113313,windows,x86_64,4,batch_flatten,parallel,100,144.427
1785317644,5a113313,windows,x86_64,4,batch_flatten,sequential,100,167.809
1785317538,5a113313,linux,x86_64,4,flatten,baseline,small,1.855
1785317538,5a113313,linux,x86_64,4,flatten,baseline,medium,3.318
1785317538,5a113313,linux,x86_64,4,flatten,baseline,large,4.885
1785317538,5a113313,linux,x86_64,4,flatten,all_transforms,medium,14.145
1785317538,5a113313,linux,x86_64,4,flatten,regex_replacements,medium,9.697
1785317538,5a113313,linux,x86_64,4,unflatten,baseline,medium,13.871
1785317538,5a113313,linux,x86_64,4,normal,baseline,medium,6.516
1785317538,5a113313,linux,x86_64,4,roundtrip,baseline,medium,13.871
1785317538,5a113313,linux,x86_64,4,batch_flatten,parallel,10,21.259
1785317538,5a113313,linux,x86_64,4,batch_flatten,parallel,100,97.678
1785317538,5a113313,linux,x86_64,4,batch_flatten,sequential,100,171.410
1785318660,495c6205,macos,aarch64,3,flatten,baseline,small,1.914
1785318660,495c6205,macos,aarch64,3,flatten,baseline,medium,2.641
1785318660,495c6205,macos,aarch64,3,flatten,baseline,large,4.699
1785318660,495c6205,macos,aarch64,3,flatten,all_transforms,medium,14.197
1785318660,495c6205,macos,aarch64,3,flatten,regex_replacements,medium,9.904
1785318660,495c6205,macos,aarch64,3,unflatten,baseline,medium,15.626
1785318660,495c6205,macos,aarch64,3,normal,baseline,medium,7.409
1785318660,495c6205,macos,aarch64,3,roundtrip,baseline,medium,13.975
1785318660,495c6205,macos,aarch64,3,batch_flatten,parallel,10,310.580
1785318660,495c6205,macos,aarch64,3,batch_flatten,parallel,100,341.002
1785318660,495c6205,macos,aarch64,3,batch_flatten,sequential,100,149.301
1785318631,495c6205,windows,x86_64,4,flatten,baseline,small,1.512
1785318631,495c6205,windows,x86_64,4,flatten,baseline,medium,2.246
1785318631,495c6205,windows,x86_64,4,flatten,baseline,large,3.462
1785318631,495c6205,windows,x86_64,4,flatten,all_transforms,medium,12.160
1785318631,495c6205,windows,x86_64,4,flatten,regex_replacements,medium,7.968
1785318631,495c6205,windows,x86_64,4,unflatten,baseline,medium,12.438
1785318631,495c6205,windows,x86_64,4,normal,baseline,medium,5.287
1785318631,495c6205,windows,x86_64,4,roundtrip,baseline,medium,12.877
1785318631,495c6205,windows,x86_64,4,batch_flatten,parallel,10,27.684
1785318631,495c6205,windows,x86_64,4,batch_flatten,parallel,100,90.760
1785318631,495c6205,windows,x86_64,4,batch_flatten,sequential,100,112.337
1785318615,495c6205,linux,x86_64,4,flatten,baseline,small,1.458
1785318615,495c6205,linux,x86_64,4,flatten,baseline,medium,2.535
1785318615,495c6205,linux,x86_64,4,flatten,baseline,large,3.857
1785318615,495c6205,linux,x86_64,4,flatten,all_transforms,medium,11.270
1785318615,495c6205,linux,x86_64,4,flatten,regex_replacements,medium,7.462
1785318615,495c6205,linux,x86_64,4,unflatten,baseline,medium,11.257
1785318615,495c6205,linux,x86_64,4,normal,baseline,medium,5.577
1785318615,495c6205,linux,x86_64,4,roundtrip,baseline,medium,11.229
1785318615,495c6205,linux,x86_64,4,batch_flatten,parallel,10,19.242
1785318615,495c6205,linux,x86_64,4,batch_flatten,parallel,100,96.689
1785318615,495c6205,linux,x86_64,4,batch_flatten,sequential,100,134.283
1785323331,4499889e,macos,aarch64,3,flatten,baseline,small,1.239
1785323331,4499889e,macos,aarch64,3,flatten,baseline,medium,1.876
1785323331,4499889e,macos,aarch64,3,flatten,baseline,large,2.874
1785323331,4499889e,macos,aarch64,3,flatten,all_transforms,medium,8.975
1785323331,4499889e,macos,aarch64,3,flatten,regex_replacements,medium,6.105
1785323331,4499889e,macos,aarch64,3,unflatten,baseline,medium,9.244
1785323331,4499889e,macos,aarch64,3,normal,baseline,medium,4.304
1785323331,4499889e,macos,aarch64,3,roundtrip,baseline,medium,9.334
1785323331,4499889e,macos,aarch64,3,batch_flatten,parallel,10,15.113
1785323331,4499889e,macos,aarch64,3,batch_flatten,parallel,100,59.488
1785323331,4499889e,macos,aarch64,3,batch_flatten,sequential,100,101.886
1785323465,4499889e,windows,x86_64,4,flatten,baseline,small,1.932
1785323465,4499889e,windows,x86_64,4,flatten,baseline,medium,3.282
1785323465,4499889e,windows,x86_64,4,flatten,baseline,large,4.739
1785323465,4499889e,windows,x86_64,4,flatten,all_transforms,medium,16.310
1785323465,4499889e,windows,x86_64,4,flatten,regex_replacements,medium,10.561
1785323465,4499889e,windows,x86_64,4,unflatten,baseline,medium,16.009
1785323465,4499889e,windows,x86_64,4,normal,baseline,medium,7.270
1785323465,4499889e,windows,x86_64,4,roundtrip,baseline,medium,16.051
1785323465,4499889e,windows,x86_64,4,batch_flatten,parallel,10,39.925
1785323465,4499889e,windows,x86_64,4,batch_flatten,parallel,100,135.250
1785323465,4499889e,windows,x86_64,4,batch_flatten,sequential,100,145.335
1785323319,4499889e,linux,x86_64,4,flatten,baseline,small,1.792
1785323319,4499889e,linux,x86_64,4,flatten,baseline,medium,3.144
1785323319,4499889e,linux,x86_64,4,flatten,baseline,large,4.662
1785323319,4499889e,linux,x86_64,4,flatten,all_transforms,medium,14.104
1785323319,4499889e,linux,x86_64,4,flatten,regex_replacements,medium,9.607
1785323319,4499889e,linux,x86_64,4,unflatten,baseline,medium,14.061
1785323319,4499889e,linux,x86_64,4,normal,baseline,medium,6.474
1785323319,4499889e,linux,x86_64,4,roundtrip,baseline,medium,14.201
1785323319,4499889e,linux,x86_64,4,batch_flatten,parallel,10,20.077
1785323319,4499889e,linux,x86_64,4,batch_flatten,parallel,100,93.406
1785323319,4499889e,linux,x86_64,4,batch_flatten,sequential,100,168.774
1785358523,67075c1e,macos,aarch64,3,flatten,baseline,small,1.148
1785358523,67075c1e,macos,aarch64,3,flatten,baseline,medium,1.816
1785358523,67075c1e,macos,aarch64,3,flatten,baseline,large,2.872
1785358523,67075c1e,macos,aarch64,3,flatten,all_transforms,medium,8.560
1785358523,67075c1e,macos,aarch64,3,flatten,regex_replacements,medium,5.725
1785358523,67075c1e,macos,aarch64,3,unflatten,baseline,medium,9.220
1785358523,67075c1e,macos,aarch64,3,normal,baseline,medium,3.930
1785358523,67075c1e,macos,aarch64,3,roundtrip,baseline,medium,9.141
1785358523,67075c1e,macos,aarch64,3,batch_flatten,parallel,10,15.566
1785358523,67075c1e,macos,aarch64,3,batch_flatten,parallel,100,56.007
1785358523,67075c1e,macos,aarch64,3,batch_flatten,sequential,100,97.849
1785358603,67075c1e,windows,x86_64,4,flatten,baseline,small,1.604
1785358603,67075c1e,windows,x86_64,4,flatten,baseline,medium,2.644
1785358603,67075c1e,windows,x86_64,4,flatten,baseline,large,4.021
1785358603,67075c1e,windows,x86_64,4,flatten,all_transforms,medium,15.495
1785358603,67075c1e,windows,x86_64,4,flatten,regex_replacements,medium,10.574
1785358603,67075c1e,windows,x86_64,4,unflatten,baseline,medium,19.955
1785358603,67075c1e,windows,x86_64,4,normal,baseline,medium,7.350
1785358603,67075c1e,windows,x86_64,4,roundtrip,baseline,medium,17.980
1785358603,67075c1e,windows,x86_64,4,batch_flatten,parallel,10,35.658
1785358603,67075c1e,windows,x86_64,4,batch_flatten,parallel,100,149.885
1785358603,67075c1e,windows,x86_64,4,batch_flatten,sequential,100,149.421
1785358680,67075c1e,linux,x86_64,4,flatten,baseline,small,1.829
1785358680,67075c1e,linux,x86_64,4,flatten,baseline,medium,3.246
1785358680,67075c1e,linux,x86_64,4,flatten,baseline,large,4.722
1785358680,67075c1e,linux,x86_64,4,flatten,all_transforms,medium,14.132
1785358680,67075c1e,linux,x86_64,4,flatten,regex_replacements,medium,9.263
1785358680,67075c1e,linux,x86_64,4,unflatten,baseline,medium,13.764
1785358680,67075c1e,linux,x86_64,4,normal,baseline,medium,6.574
1785358680,67075c1e,linux,x86_64,4,roundtrip,baseline,medium,13.795
1785358680,67075c1e,linux,x86_64,4,batch_flatten,parallel,10,21.484
1785358680,67075c1e,linux,x86_64,4,batch_flatten,parallel,100,94.020
1785358680,67075c1e,linux,x86_64,4,batch_flatten,sequential,100,164.358
1785358919,6a50afa3,macos,aarch64,3,flatten,baseline,small,1.151
1785358919,6a50afa3,macos,aarch64,3,flatten,baseline,medium,1.967
1785358919,6a50afa3,macos,aarch64,3,flatten,baseline,large,2.851
1785358919,6a50afa3,macos,aarch64,3,flatten,all_transforms,medium,8.459
1785358919,6a50afa3,macos,aarch64,3,flatten,regex_replacements,medium,5.633
1785358919,6a50afa3,macos,aarch64,3,unflatten,baseline,medium,9.437
1785358919,6a50afa3,macos,aarch64,3,normal,baseline,medium,6.982
1785358919,6a50afa3,macos,aarch64,3,roundtrip,baseline,medium,10.455
1785358919,6a50afa3,macos,aarch64,3,batch_flatten,parallel,10,18.792
1785358919,6a50afa3,macos,aarch64,3,batch_flatten,parallel,100,62.451
1785358919,6a50afa3,macos,aarch64,3,batch_flatten,sequential,100,109.714
1785358931,6a50afa3,windows,x86_64,4,flatten,baseline,small,0.900
1785358931,6a50afa3,windows,x86_64,4,flatten,baseline,medium,1.460
1785358931,6a50afa3,windows,x86_64,4,flatten,baseline,large,2.210
1785358931,6a50afa3,windows,x86_64,4,flatten,all_transforms,medium,8.182
1785358931,6a50afa3,windows,x86_64,4,flatten,regex_replacements,medium,5.523
1785358931,6a50afa3,windows,x86_64,4,unflatten,baseline,medium,8.946
1785358931,6a50afa3,windows,x86_64,4,normal,baseline,medium,3.653
1785358931,6a50afa3,windows,x86_64,4,roundtrip,baseline,medium,8.910
1785358931,6a50afa3,windows,x86_64,4,batch_flatten,parallel,10,23.139
1785358931,6a50afa3,windows,x86_64,4,batch_flatten,parallel,100,64.324
1785358931,6a50afa3,windows,x86_64,4,batch_flatten,sequential,100,76.580
1785358944,6a50afa3,linux,x86_64,4,flatten,baseline,small,1.784
1785358944,6a50afa3,linux,x86_64,4,flatten,baseline,medium,3.111
1785358944,6a50afa3,linux,x86_64,4,flatten,baseline,large,4.935
1785358944,6a50afa3,linux,x86_64,4,flatten,all_transforms,medium,14.603
1785358944,6a50afa3,linux,x86_64,4,flatten,regex_replacements,medium,9.231
1785358944,6a50afa3,linux,x86_64,4,unflatten,baseline,medium,14.032
1785358944,6a50afa3,linux,x86_64,4,normal,baseline,medium,6.390
1785358944,6a50afa3,linux,x86_64,4,roundtrip,baseline,medium,14.353
1785358944,6a50afa3,linux,x86_64,4,batch_flatten,parallel,10,23.307
1785358944,6a50afa3,linux,x86_64,4,batch_flatten,parallel,100,94.650
1785358944,6a50afa3,linux,x86_64,4,batch_flatten,sequential,100,169.116
1785373980,ee5824b9,macos,aarch64,3,flatten,baseline,small,1.285
1785373980,ee5824b9,macos,aarch64,3,flatten,baseline,medium,2.063
1785373980,ee5824b9,macos,aarch64,3,flatten,baseline,large,2.974
1785373980,ee5824b9,macos,aarch64,3,flatten,all_transforms,medium,9.218
1785373980,ee5824b9,macos,aarch64,3,flatten,regex_replacements,medium,7.282
1785373980,ee5824b9,macos,aarch64,3,unflatten,baseline,medium,11.930
1785373980,ee5824b9,macos,aarch64,3,normal,baseline,medium,5.867
1785373980,ee5824b9,macos,aarch64,3,roundtrip,baseline,medium,9.942
1785373980,ee5824b9,macos,aarch64,3,batch_flatten,parallel,10,37.344
1785373980,ee5824b9,macos,aarch64,3,batch_flatten,parallel,100,178.599
1785373980,ee5824b9,macos,aarch64,3,batch_flatten,sequential,100,106.956
1785374035,ee5824b9,windows,x86_64,4,flatten,baseline,small,1.366
1785374035,ee5824b9,windows,x86_64,4,flatten,baseline,medium,2.344
1785374035,ee5824b9,windows,x86_64,4,flatten,baseline,large,3.556
1785374035,ee5824b9,windows,x86_64,4,flatten,all_transforms,medium,11.343
1785374035,ee5824b9,windows,x86_64,4,flatten,regex_replacements,medium,7.257
1785374035,ee5824b9,windows,x86_64,4,unflatten,baseline,medium,12.436
1785374035,ee5824b9,windows,x86_64,4,normal,baseline,medium,5.375
1785374035,ee5824b9,windows,x86_64,4,roundtrip,baseline,medium,12.532
1785374035,ee5824b9,windows,x86_64,4,batch_flatten,parallel,10,28.668
1785374035,ee5824b9,windows,x86_64,4,batch_flatten,parallel,100,91.278
1785374035,ee5824b9,windows,x86_64,4,batch_flatten,sequential,100,113.771
1785373976,ee5824b9,linux,x86_64,4,flatten,baseline,small,1.555
1785373976,ee5824b9,linux,x86_64,4,flatten,baseline,medium,2.763
1785373976,ee5824b9,linux,x86_64,4,flatten,baseline,large,4.216
1785373976,ee5824b9,linux,x86_64,4,flatten,all_transforms,medium,11.563
1785373976,ee5824b9,linux,x86_64,4,flatten,regex_replacements,medium,7.743
1785373976,ee5824b9,linux,x86_64,4,unflatten,baseline,medium,14.280
1785373976,ee5824b9,linux,x86_64,4,normal,baseline,medium,5.721
1785373976,ee5824b9,linux,x86_64,4,roundtrip,baseline,medium,13.829
1785373976,ee5824b9,linux,x86_64,4,batch_flatten,parallel,10,21.549
1785373976,ee5824b9,linux,x86_64,4,batch_flatten,parallel,100,87.943
1785373976,ee5824b9,linux,x86_64,4,batch_flatten,sequential,100,149.668
1785378462,0e266942,macos,aarch64,3,flatten,baseline,small,1.378
1785378462,0e266942,macos,aarch64,3,flatten,baseline,medium,1.959
1785378462,0e266942,macos,aarch64,3,flatten,baseline,large,3.031
1785378462,0e266942,macos,aarch64,3,flatten,all_transforms,medium,8.995
1785378462,0e266942,macos,aarch64,3,flatten,regex_replacements,medium,5.759
1785378462,0e266942,macos,aarch64,3,unflatten,baseline,medium,10.169
1785378462,0e266942,macos,aarch64,3,normal,baseline,medium,4.408
1785378462,0e266942,macos,aarch64,3,roundtrip,baseline,medium,10.431
1785378462,0e266942,macos,aarch64,3,batch_flatten,parallel,10,20.028
1785378462,0e266942,macos,aarch64,3,batch_flatten,parallel,100,158.821
1785378462,0e266942,macos,aarch64,3,batch_flatten,sequential,100,122.647
1785378585,0e266942,windows,x86_64,4,flatten,baseline,small,2.247
1785378585,0e266942,windows,x86_64,4,flatten,baseline,medium,3.284
1785378585,0e266942,windows,x86_64,4,flatten,baseline,large,5.271
1785378585,0e266942,windows,x86_64,4,flatten,all_transforms,medium,18.071
1785378585,0e266942,windows,x86_64,4,flatten,regex_replacements,medium,9.884
1785378585,0e266942,windows,x86_64,4,unflatten,baseline,medium,16.340
1785378585,0e266942,windows,x86_64,4,normal,baseline,medium,7.684
1785378585,0e266942,windows,x86_64,4,roundtrip,baseline,medium,17.451
1785378585,0e266942,windows,x86_64,4,batch_flatten,parallel,10,32.552
1785378585,0e266942,windows,x86_64,4,batch_flatten,parallel,100,136.743
1785378585,0e266942,windows,x86_64,4,batch_flatten,sequential,100,156.585
1785378549,0e266942,linux,x86_64,4,flatten,baseline,small,1.621
1785378549,0e266942,linux,x86_64,4,flatten,baseline,medium,3.022
1785378549,0e266942,linux,x86_64,4,flatten,baseline,large,4.393
1785378549,0e266942,linux,x86_64,4,flatten,all_transforms,medium,11.870
1785378549,0e266942,linux,x86_64,4,flatten,regex_replacements,medium,7.737
1785378549,0e266942,linux,x86_64,4,unflatten,baseline,medium,13.846
1785378549,0e266942,linux,x86_64,4,normal,baseline,medium,5.737
1785378549,0e266942,linux,x86_64,4,roundtrip,baseline,medium,14.078
1785378549,0e266942,linux,x86_64,4,batch_flatten,parallel,10,23.179
1785378549,0e266942,linux,x86_64,4,batch_flatten,parallel,100,87.151
1785378549,0e266942,linux,x86_64,4,batch_flatten,sequential,100,142.577
1785388467,dbed6309,macos,aarch64,3,flatten,baseline,small,1.234
1785388467,dbed6309,macos,aarch64,3,flatten,baseline,medium,2.224
1785388467,dbed6309,macos,aarch64,3,flatten,baseline,large,3.381
1785388467,dbed6309,macos,aarch64,3,flatten,all_transforms,medium,11.046
1785388467,dbed6309,macos,aarch64,3,flatten,regex_replacements,medium,7.719
1785388467,dbed6309,macos,aarch64,3,unflatten,baseline,medium,13.810
1785388467,dbed6309,macos,aarch64,3,normal,baseline,medium,6.072
1785388467,dbed6309,macos,aarch64,3,roundtrip,baseline,medium,13.725
1785388467,dbed6309,macos,aarch64,3,batch_flatten,parallel,10,39.876
1785388467,dbed6309,macos,aarch64,3,batch_flatten,parallel,100,105.572
1785388467,dbed6309,macos,aarch64,3,batch_flatten,sequential,100,192.402
1785388527,dbed6309,windows,x86_64,4,flatten,baseline,small,1.937
1785388527,dbed6309,windows,x86_64,4,flatten,baseline,medium,3.394
1785388527,dbed6309,windows,x86_64,4,flatten,baseline,large,4.744
1785388527,dbed6309,windows,x86_64,4,flatten,all_transforms,medium,15.340
1785388527,dbed6309,windows,x86_64,4,flatten,regex_replacements,medium,9.713
1785388527,dbed6309,windows,x86_64,4,unflatten,baseline,medium,16.089
1785388527,dbed6309,windows,x86_64,4,normal,baseline,medium,7.458
1785388527,dbed6309,windows,x86_64,4,roundtrip,baseline,medium,16.038
1785388527,dbed6309,windows,x86_64,4,batch_flatten,parallel,10,49.379
1785388527,dbed6309,windows,x86_64,4,batch_flatten,parallel,100,143.808
1785388527,dbed6309,windows,x86_64,4,batch_flatten,sequential,100,155.766
1785388432,dbed6309,linux,x86_64,4,flatten,baseline,small,1.503
1785388432,dbed6309,linux,x86_64,4,flatten,baseline,medium,2.689
1785388432,dbed6309,linux,x86_64,4,flatten,baseline,large,4.059
1785388432,dbed6309,linux,x86_64,4,flatten,all_transforms,medium,13.621
1785388432,dbed6309,linux,x86_64,4,flatten,regex_replacements,medium,7.660
1785388432,dbed6309,linux,x86_64,4,unflatten,baseline,medium,13.730
1785388432,dbed6309,linux,x86_64,4,normal,baseline,medium,5.781
1785388432,dbed6309,linux,x86_64,4,roundtrip,baseline,medium,13.714
1785388432,dbed6309,linux,x86_64,4,batch_flatten,parallel,10,20.623
1785388432,dbed6309,linux,x86_64,4,batch_flatten,parallel,100,84.703
1785388432,dbed6309,linux,x86_64,4,batch_flatten,sequential,100,132.941
1785389126,10eb93ff,macos,aarch64,3,flatten,baseline,small,1.331
1785389126,10eb93ff,macos,aarch64,3,flatten,baseline,medium,2.157
1785389126,10eb93ff,macos,aarch64,3,flatten,baseline,large,3.273
1785389126,10eb93ff,macos,aarch64,3,flatten,all_transforms,medium,9.481
1785389126,10eb93ff,macos,aarch64,3,flatten,regex_replacements,medium,6.107
1785389126,10eb93ff,macos,aarch64,3,unflatten,baseline,medium,11.222
1785389126,10eb93ff,macos,aarch64,3,normal,baseline,medium,4.759
1785389126,10eb93ff,macos,aarch64,3,roundtrip,baseline,medium,10.590
1785389126,10eb93ff,macos,aarch64,3,batch_flatten,parallel,10,22.674
1785389126,10eb93ff,macos,aarch64,3,batch_flatten,parallel,100,81.274
1785389126,10eb93ff,macos,aarch64,3,batch_flatten,sequential,100,96.910
1785389194,10eb93ff,windows,x86_64,4,flatten,baseline,small,1.865
1785389194,10eb93ff,windows,x86_64,4,flatten,baseline,medium,3.196
1785389194,10eb93ff,windows,x86_64,4,flatten,baseline,large,4.865
1785389194,10eb93ff,windows,x86_64,4,flatten,all_transforms,medium,15.438
1785389194,10eb93ff,windows,x86_64,4,flatten,regex_replacements,medium,9.582
1785389194,10eb93ff,windows,x86_64,4,unflatten,baseline,medium,16.032
1785389194,10eb93ff,windows,x86_64,4,normal,baseline,medium,7.716
1785389194,10eb93ff,windows,x86_64,4,roundtrip,baseline,medium,16.434
1785389194,10eb93ff,windows,x86_64,4,batch_flatten,parallel,10,49.233
1785389194,10eb93ff,windows,x86_64,4,batch_flatten,parallel,100,131.596
1785389194,10eb93ff,windows,x86_64,4,batch_flatten,sequential,100,155.058
1785389142,10eb93ff,linux,x86_64,4,flatten,baseline,small,1.704
1785389142,10eb93ff,linux,x86_64,4,flatten,baseline,medium,2.925
1785389142,10eb93ff,linux,x86_64,4,flatten,baseline,large,4.620
1785389142,10eb93ff,linux,x86_64,4,flatten,all_transforms,medium,13.177
1785389142,10eb93ff,linux,x86_64,4,flatten,regex_replacements,medium,8.053
1785389142,10eb93ff,linux,x86_64,4,unflatten,baseline,medium,13.751
1785389142,10eb93ff,linux,x86_64,4,normal,baseline,medium,6.562
1785389142,10eb93ff,linux,x86_64,4,roundtrip,baseline,medium,13.756
1785389142,10eb93ff,linux,x86_64,4,batch_flatten,parallel,10,20.331
1785389142,10eb93ff,linux,x86_64,4,batch_flatten,parallel,100,92.870
1785389142,10eb93ff,linux,x86_64,4,batch_flatten,sequential,100,151.971
1785432658,f503c0e6,macos,aarch64,3,flatten,baseline,small,1.562
1785432658,f503c0e6,macos,aarch64,3,flatten,baseline,medium,2.304
1785432658,f503c0e6,macos,aarch64,3,flatten,baseline,large,3.527
1785432658,f503c0e6,macos,aarch64,3,flatten,all_transforms,medium,9.997
1785432658,f503c0e6,macos,aarch64,3,flatten,regex_replacements,medium,5.868
1785432658,f503c0e6,macos,aarch64,3,unflatten,baseline,medium,9.715
1785432658,f503c0e6,macos,aarch64,3,normal,baseline,medium,4.542
1785432658,f503c0e6,macos,aarch64,3,roundtrip,baseline,medium,10.961
1785432658,f503c0e6,macos,aarch64,3,batch_flatten,parallel,10,29.196
1785432658,f503c0e6,macos,aarch64,3,batch_flatten,parallel,100,90.966
1785432658,f503c0e6,macos,aarch64,3,batch_flatten,sequential,100,116.668
1785432716,f503c0e6,windows,x86_64,4,flatten,baseline,small,1.483
1785432716,f503c0e6,windows,x86_64,4,flatten,baseline,medium,2.449
1785432716,f503c0e6,windows,x86_64,4,flatten,baseline,large,3.589
1785432716,f503c0e6,windows,x86_64,4,flatten,all_transforms,medium,11.630
1785432716,f503c0e6,windows,x86_64,4,flatten,regex_replacements,medium,6.990
1785432716,f503c0e6,windows,x86_64,4,unflatten,baseline,medium,11.706
1785432716,f503c0e6,windows,x86_64,4,normal,baseline,medium,5.791
1785432716,f503c0e6,windows,x86_64,4,roundtrip,baseline,medium,12.252
1785432716,f503c0e6,windows,x86_64,4,batch_flatten,parallel,10,36.785
1785432716,f503c0e6,windows,x86_64,4,batch_flatten,parallel,100,114.008
1785432716,f503c0e6,windows,x86_64,4,batch_flatten,sequential,100,129.436
1785432738,f503c0e6,linux,x86_64,4,flatten,baseline,small,1.550
1785432738,f503c0e6,linux,x86_64,4,flatten,baseline,medium,2.688
1785432738,f503c0e6,linux,x86_64,4,flatten,baseline,large,4.129
1785432738,f503c0e6,linux,x86_64,4,flatten,all_transforms,medium,12.032
1785432738,f503c0e6,linux,x86_64,4,flatten,regex_replacements,medium,7.761
1785432738,f503c0e6,linux,x86_64,4,unflatten,baseline,medium,13.746
1785432738,f503c0e6,linux,x86_64,4,normal,baseline,medium,6.028
1785432738,f503c0e6,linux,x86_64,4,roundtrip,baseline,medium,13.919
1785432738,f503c0e6,linux,x86_64,4,batch_flatten,parallel,10,24.056
1785432738,f503c0e6,linux,x86_64,4,batch_flatten,parallel,100,89.721
1785432738,f503c0e6,linux,x86_64,4,batch_flatten,sequential,100,134.500
1785461467,f8e65fbc,macos,aarch64,3,flatten,baseline,small,1.368
1785461467,f8e65fbc,macos,aarch64,3,flatten,baseline,medium,2.205
1785461467,f8e65fbc,macos,aarch64,3,flatten,baseline,large,3.451
1785461467,f8e65fbc,macos,aarch64,3,flatten,all_transforms,medium,9.258
1785461467,f8e65fbc,macos,aarch64,3,flatten,regex_replacements,medium,5.931
1785461467,f8e65fbc,macos,aarch64,3,unflatten,baseline,medium,9.872
1785461467,f8e65fbc,macos,aarch64,3,normal,baseline,medium,4.441
1785461467,f8e65fbc,macos,aarch64,3,roundtrip,baseline,medium,12.402
1785461467,f8e65fbc,macos,aarch64,3,batch_flatten,parallel,10,17.919
1785461467,f8e65fbc,macos,aarch64,3,batch_flatten,parallel,100,66.604
1785461467,f8e65fbc,macos,aarch64,3,batch_flatten,sequential,100,104.001
1785461581,f8e65fbc,windows,x86_64,4,flatten,baseline,small,1.872
1785461581,f8e65fbc,windows,x86_64,4,flatten,baseline,medium,3.575
1785461581,f8e65fbc,windows,x86_64,4,flatten,baseline,large,4.747
1785461581,f8e65fbc,windows,x86_64,4,flatten,all_transforms,medium,15.216
1785461581,f8e65fbc,windows,x86_64,4,flatten,regex_replacements,medium,10.312
1785461581,f8e65fbc,windows,x86_64,4,unflatten,baseline,medium,16.280
1785461581,f8e65fbc,windows,x86_64,4,normal,baseline,medium,7.297
1785461581,f8e65fbc,windows,x86_64,4,roundtrip,baseline,medium,15.190
1785461581,f8e65fbc,windows,x86_64,4,batch_flatten,parallel,10,49.784
1785461581,f8e65fbc,windows,x86_64,4,batch_flatten,parallel,100,134.196
1785461581,f8e65fbc,windows,x86_64,4,batch_flatten,sequential,100,146.829
1785461543,f8e65fbc,linux,x86_64,4,flatten,baseline,small,1.706
1785461543,f8e65fbc,linux,x86_64,4,flatten,baseline,medium,2.933
1785461543,f8e65fbc,linux,x86_64,4,flatten,baseline,large,4.487
1785461543,f8e65fbc,linux,x86_64,4,flatten,all_transforms,medium,13.108
1785461543,f8e65fbc,linux,x86_64,4,flatten,regex_replacements,medium,8.082
1785461543,f8e65fbc,linux,x86_64,4,unflatten,baseline,medium,13.876
1785461543,f8e65fbc,linux,x86_64,4,normal,baseline,medium,6.907
1785461543,f8e65fbc,linux,x86_64,4,roundtrip,baseline,medium,13.885
1785461543,f8e65fbc,linux,x86_64,4,batch_flatten,parallel,10,19.956
1785461543,f8e65fbc,linux,x86_64,4,batch_flatten,parallel,100,99.582
1785461543,f8e65fbc,linux,x86_64,4,batch_flatten,sequential,100,151.822
1785464725,d2e7316a,macos,aarch64,3,flatten,baseline,small,1.340
1785464725,d2e7316a,macos,aarch64,3,flatten,baseline,medium,2.162
1785464725,d2e7316a,macos,aarch64,3,flatten,baseline,large,2.963
1785464725,d2e7316a,macos,aarch64,3,flatten,all_transforms,medium,10.043
1785464725,d2e7316a,macos,aarch64,3,flatten,regex_replacements,medium,7.319
1785464725,d2e7316a,macos,aarch64,3,unflatten,baseline,medium,10.620
1785464725,d2e7316a,macos,aarch64,3,normal,baseline,medium,8.141
1785464725,d2e7316a,macos,aarch64,3,roundtrip,baseline,medium,14.197
1785464725,d2e7316a,macos,aarch64,3,batch_flatten,parallel,10,30.885
1785464725,d2e7316a,macos,aarch64,3,batch_flatten,parallel,100,92.361
1785464725,d2e7316a,macos,aarch64,3,batch_flatten,sequential,100,119.723
1785464753,d2e7316a,windows,x86_64,4,flatten,baseline,small,1.837
1785464753,d2e7316a,windows,x86_64,4,flatten,baseline,medium,3.181
1785464753,d2e7316a,windows,x86_64,4,flatten,baseline,large,5.095
1785464753,d2e7316a,windows,x86_64,4,flatten,all_transforms,medium,15.706
1785464753,d2e7316a,windows,x86_64,4,flatten,regex_replacements,medium,9.404
1785464753,d2e7316a,windows,x86_64,4,unflatten,baseline,medium,16.069
1785464753,d2e7316a,windows,x86_64,4,normal,baseline,medium,7.166
1785464753,d2e7316a,windows,x86_64,4,roundtrip,baseline,medium,15.981
1785464753,d2e7316a,windows,x86_64,4,batch_flatten,parallel,10,47.040
1785464753,d2e7316a,windows,x86_64,4,batch_flatten,parallel,100,134.606
1785464753,d2e7316a,windows,x86_64,4,batch_flatten,sequential,100,158.347
1785464780,d2e7316a,linux,x86_64,4,flatten,baseline,small,1.693
1785464780,d2e7316a,linux,x86_64,4,flatten,baseline,medium,2.932
1785464780,d2e7316a,linux,x86_64,4,flatten,baseline,large,4.479
1785464780,d2e7316a,linux,x86_64,4,flatten,all_transforms,medium,13.002
1785464780,d2e7316a,linux,x86_64,4,flatten,regex_replacements,medium,8.218
1785464780,d2e7316a,linux,x86_64,4,unflatten,baseline,medium,13.677
1785464780,d2e7316a,linux,x86_64,4,normal,baseline,medium,6.326
1785464780,d2e7316a,linux,x86_64,4,roundtrip,baseline,medium,13.656
1785464780,d2e7316a,linux,x86_64,4,batch_flatten,parallel,10,20.076
1785464780,d2e7316a,linux,x86_64,4,batch_flatten,parallel,100,100.636
1785464780,d2e7316a,linux,x86_64,4,batch_flatten,sequential,100,152.102
1785474240,aeb96a1a,macos,aarch64,3,flatten,baseline,small,1.264
1785474240,aeb96a1a,macos,aarch64,3,flatten,baseline,medium,1.993
1785474240,aeb96a1a,macos,aarch64,3,flatten,baseline,large,3.246
1785474240,aeb96a1a,macos,aarch64,3,flatten,all_transforms,medium,8.505
1785474240,aeb96a1a,macos,aarch64,3,flatten,regex_replacements,medium,5.642
1785474240,aeb96a1a,macos,aarch64,3,unflatten,baseline,medium,8.916
1785474240,aeb96a1a,macos,aarch64,3,normal,baseline,medium,4.017
1785474240,aeb96a1a,macos,aarch64,3,roundtrip,baseline,medium,8.941
1785474240,aeb96a1a,macos,aarch64,3,batch_flatten,parallel,10,14.900
1785474240,aeb96a1a,macos,aarch64,3,batch_flatten,parallel,100,56.056
1785474240,aeb96a1a,macos,aarch64,3,batch_flatten,sequential,100,92.877
1785474319,aeb96a1a,windows,x86_64,4,flatten,baseline,small,1.863
1785474319,aeb96a1a,windows,x86_64,4,flatten,baseline,medium,3.219
1785474319,aeb96a1a,windows,x86_64,4,flatten,baseline,large,4.780
1785474319,aeb96a1a,windows,x86_64,4,flatten,all_transforms,medium,14.992
1785474319,aeb96a1a,windows,x86_64,4,flatten,regex_replacements,medium,10.111
1785474319,aeb96a1a,windows,x86_64,4,unflatten,baseline,medium,15.726
1785474319,aeb96a1a,windows,x86_64,4,normal,baseline,medium,7.379
1785474319,aeb96a1a,windows,x86_64,4,roundtrip,baseline,medium,15.584
1785474319,aeb96a1a,windows,x86_64,4,batch_flatten,parallel,10,41.611
1785474319,aeb96a1a,windows,x86_64,4,batch_flatten,parallel,100,132.880
1785474319,aeb96a1a,windows,x86_64,4,batch_flatten,sequential,100,150.405
1785474255,aeb96a1a,linux,x86_64,4,flatten,baseline,small,1.809
1785474255,aeb96a1a,linux,x86_64,4,flatten,baseline,medium,3.177
1785474255,aeb96a1a,linux,x86_64,4,flatten,baseline,large,4.812
1785474255,aeb96a1a,linux,x86_64,4,flatten,all_transforms,medium,13.618
1785474255,aeb96a1a,linux,x86_64,4,flatten,regex_replacements,medium,8.310
1785474255,aeb96a1a,linux,x86_64,4,unflatten,baseline,medium,14.137
1785474255,aeb96a1a,linux,x86_64,4,normal,baseline,medium,6.565
1785474255,aeb96a1a,linux,x86_64,4,roundtrip,baseline,medium,14.409
1785474255,aeb96a1a,linux,x86_64,4,batch_flatten,parallel,10,22.006
1785474255,aeb96a1a,linux,x86_64,4,batch_flatten,parallel,100,108.757
1785474255,aeb96a1a,linux,x86_64,4,batch_flatten,sequential,100,161.044
1785536667,b378f175,macos,aarch64,3,flatten,baseline,small,1.256
1785536667,b378f175,macos,aarch64,3,flatten,baseline,medium,1.964
1785536667,b378f175,macos,aarch64,3,flatten,baseline,large,3.072
1785536667,b378f175,macos,aarch64,3,flatten,all_transforms,medium,8.938
1785536667,b378f175,macos,aarch64,3,flatten,regex_replacements,medium,6.243
1785536667,b378f175,macos,aarch64,3,unflatten,baseline,medium,9.641
1785536667,b378f175,macos,aarch64,3,normal,baseline,medium,4.506
1785536667,b378f175,macos,aarch64,3,roundtrip,baseline,medium,10.453
1785536667,b378f175,macos,aarch64,3,batch_flatten,parallel,10,20.198
1785536667,b378f175,macos,aarch64,3,batch_flatten,parallel,100,64.879
1785536667,b378f175,macos,aarch64,3,batch_flatten,sequential,100,103.634
1785536731,b378f175,windows,x86_64,4,flatten,baseline,small,1.554
1785536731,b378f175,windows,x86_64,4,flatten,baseline,medium,2.420
1785536731,b378f175,windows,x86_64,4,flatten,baseline,large,3.686
1785536731,b378f175,windows,x86_64,4,flatten,all_transforms,medium,12.517
1785536731,b378f175,windows,x86_64,4,flatten,regex_replacements,medium,7.512
1785536731,b378f175,windows,x86_64,4,unflatten,baseline,medium,12.068
1785536731,b378f175,windows,x86_64,4,normal,baseline,medium,5.503
1785536731,b378f175,windows,x86_64,4,roundtrip,baseline,medium,12.143
1785536731,b378f175,windows,x86_64,4,batch_flatten,parallel,10,27.412
1785536731,b378f175,windows,x86_64,4,batch_flatten,parallel,100,90.508
1785536731,b378f175,windows,x86_64,4,batch_flatten,sequential,100,118.400
1785536655,b378f175,linux,x86_64,4,flatten,baseline,small,1.628
1785536655,b378f175,linux,x86_64,4,flatten,baseline,medium,3.024
1785536655,b378f175,linux,x86_64,4,flatten,baseline,large,4.727
1785536655,b378f175,linux,x86_64,4,flatten,all_transforms,medium,12.059
1785536655,b378f175,linux,x86_64,4,flatten,regex_replacements,medium,8.065
1785536655,b378f175,linux,x86_64,4,unflatten,baseline,medium,14.023
1785536655,b378f175,linux,x86_64,4,normal,baseline,medium,5.887
1785536655,b378f175,linux,x86_64,4,roundtrip,baseline,medium,14.010
1785536655,b378f175,linux,x86_64,4,batch_flatten,parallel,10,21.869
1785536655,b378f175,linux,x86_64,4,batch_flatten,parallel,100,91.513
1785536655,b378f175,linux,x86_64,4,batch_flatten,sequential,100,142.269
1785553968,e4375031,macos,aarch64,3,flatten,baseline,small,1.611
1785553968,e4375031,macos,aarch64,3,flatten,baseline,medium,1.946
1785553968,e4375031,macos,aarch64,3,flatten,baseline,large,4.828
1785553968,e4375031,macos,aarch64,3,flatten,all_transforms,medium,9.410
1785553968,e4375031,macos,aarch64,3,flatten,regex_replacements,medium,6.283
1785553968,e4375031,macos,aarch64,3,unflatten,baseline,medium,10.910
1785553968,e4375031,macos,aarch64,3,normal,baseline,medium,4.522
1785553968,e4375031,macos,aarch64,3,roundtrip,baseline,medium,11.129
1785553968,e4375031,macos,aarch64,3,batch_flatten,parallel,10,57.430
1785553968,e4375031,macos,aarch64,3,batch_flatten,parallel,100,206.140
1785553968,e4375031,macos,aarch64,3,batch_flatten,sequential,100,106.010
1785554038,e4375031,windows,x86_64,4,flatten,baseline,small,1.940
1785554038,e4375031,windows,x86_64,4,flatten,baseline,medium,3.205
1785554038,e4375031,windows,x86_64,4,flatten,baseline,large,5.590
1785554038,e4375031,windows,x86_64,4,flatten,all_transforms,medium,16.054
1785554038,e4375031,windows,x86_64,4,flatten,regex_replacements,medium,9.753
1785554038,e4375031,windows,x86_64,4,unflatten,baseline,medium,17.303
1785554038,e4375031,windows,x86_64,4,normal,baseline,medium,8.227
1785554038,e4375031,windows,x86_64,4,roundtrip,baseline,medium,14.571
1785554038,e4375031,windows,x86_64,4,batch_flatten,parallel,10,48.284
1785554038,e4375031,windows,x86_64,4,batch_flatten,parallel,100,155.631
1785554038,e4375031,windows,x86_64,4,batch_flatten,sequential,100,157.522
1785554035,e4375031,linux,x86_64,4,flatten,baseline,small,1.796
1785554035,e4375031,linux,x86_64,4,flatten,baseline,medium,3.163
1785554035,e4375031,linux,x86_64,4,flatten,baseline,large,4.615
1785554035,e4375031,linux,x86_64,4,flatten,all_transforms,medium,13.140
1785554035,e4375031,linux,x86_64,4,flatten,regex_replacements,medium,7.859
1785554035,e4375031,linux,x86_64,4,unflatten,baseline,medium,13.805
1785554035,e4375031,linux,x86_64,4,normal,baseline,medium,6.501
1785554035,e4375031,linux,x86_64,4,roundtrip,baseline,medium,13.849
1785554035,e4375031,linux,x86_64,4,batch_flatten,parallel,10,20.630
1785554035,e4375031,linux,x86_64,4,batch_flatten,parallel,100,94.364
1785554035,e4375031,linux,x86_64,4,batch_flatten,sequential,100,164.139
1785557491,e4e17995,macos,aarch64,3,flatten,baseline,small,1.099
1785557491,e4e17995,macos,aarch64,3,flatten,baseline,medium,1.832
1785557491,e4e17995,macos,aarch64,3,flatten,baseline,large,2.809
1785557491,e4e17995,macos,aarch64,3,flatten,all_transforms,medium,8.038
1785557491,e4e17995,macos,aarch64,3,flatten,regex_replacements,medium,5.213
1785557491,e4e17995,macos,aarch64,3,unflatten,baseline,medium,8.728
1785557491,e4e17995,macos,aarch64,3,normal,baseline,medium,3.917
1785557491,e4e17995,macos,aarch64,3,roundtrip,baseline,medium,9.640
1785557491,e4e17995,macos,aarch64,3,batch_flatten,parallel,10,15.090
1785557491,e4e17995,macos,aarch64,3,batch_flatten,parallel,100,56.584
1785557491,e4e17995,macos,aarch64,3,batch_flatten,sequential,100,94.099
1785557578,e4e17995,windows,x86_64,4,flatten,baseline,small,1.414
1785557578,e4e17995,windows,x86_64,4,flatten,baseline,medium,2.226
1785557578,e4e17995,windows,x86_64,4,flatten,baseline,large,3.531
1785557578,e4e17995,windows,x86_64,4,flatten,all_transforms,medium,11.556
1785557578,e4e17995,windows,x86_64,4,flatten,regex_replacements,medium,7.419
1785557578,e4e17995,windows,x86_64,4,unflatten,baseline,medium,12.155
1785557578,e4e17995,windows,x86_64,4,normal,baseline,medium,5.417
1785557578,e4e17995,windows,x86_64,4,roundtrip,baseline,medium,11.944
1785557578,e4e17995,windows,x86_64,4,batch_flatten,parallel,10,24.388
1785557578,e4e17995,windows,x86_64,4,batch_flatten,parallel,100,89.087
1785557578,e4e17995,windows,x86_64,4,batch_flatten,sequential,100,118.342
1785557549,e4e17995,linux,x86_64,4,flatten,baseline,small,1.725
1785557549,e4e17995,linux,x86_64,4,flatten,baseline,medium,3.001
1785557549,e4e17995,linux,x86_64,4,flatten,baseline,large,4.659
1785557549,e4e17995,linux,x86_64,4,flatten,all_transforms,medium,12.939
1785557549,e4e17995,linux,x86_64,4,flatten,regex_replacements,medium,8.017
1785557549,e4e17995,linux,x86_64,4,unflatten,baseline,medium,14.420
1785557549,e4e17995,linux,x86_64,4,normal,baseline,medium,6.450
1785557549,e4e17995,linux,x86_64,4,roundtrip,baseline,medium,13.835
1785557549,e4e17995,linux,x86_64,4,batch_flatten,parallel,10,22.352
1785557549,e4e17995,linux,x86_64,4,batch_flatten,parallel,100,98.132
1785557549,e4e17995,linux,x86_64,4,batch_flatten,sequential,100,155.156
1785631476,81d7870f,macos,aarch64,3,flatten,baseline,small,1.467
1785631476,81d7870f,macos,aarch64,3,flatten,baseline,medium,2.173
1785631476,81d7870f,macos,aarch64,3,flatten,baseline,large,4.060
1785631476,81d7870f,macos,aarch64,3,flatten,all_transforms,medium,11.194
1785631476,81d7870f,macos,aarch64,3,flatten,regex_replacements,medium,7.896
1785631476,81d7870f,macos,aarch64,3,unflatten,baseline,medium,11.903
1785631476,81d7870f,macos,aarch64,3,normal,baseline,medium,5.212
1785631476,81d7870f,macos,aarch64,3,roundtrip,baseline,medium,13.041
1785631476,81d7870f,macos,aarch64,3,batch_flatten,parallel,10,32.581
1785631476,81d7870f,macos,aarch64,3,batch_flatten,parallel,100,101.759
1785631476,81d7870f,macos,aarch64,3,batch_flatten,sequential,100,127.947
1785631480,81d7870f,windows,x86_64,4,flatten,baseline,small,1.770
1785631480,81d7870f,windows,x86_64,4,flatten,baseline,medium,2.648
1785631480,81d7870f,windows,x86_64,4,flatten,baseline,large,4.033
1785631480,81d7870f,windows,x86_64,4,flatten,all_transforms,medium,12.598
1785631480,81d7870f,windows,x86_64,4,flatten,regex_replacements,medium,7.831
1785631480,81d7870f,windows,x86_64,4,unflatten,baseline,medium,13.446
1785631480,81d7870f,windows,x86_64,4,normal,baseline,medium,6.530
1785631480,81d7870f,windows,x86_64,4,roundtrip,baseline,medium,12.212
1785631480,81d7870f,windows,x86_64,4,batch_flatten,parallel,10,40.987
1785631480,81d7870f,windows,x86_64,4,batch_flatten,parallel,100,122.692
1785631480,81d7870f,windows,x86_64,4,batch_flatten,sequential,100,137.047
1785631430,81d7870f,linux,x86_64,4,flatten,baseline,small,1.719
1785631430,81d7870f,linux,x86_64,4,flatten,baseline,medium,2.989
1785631430,81d7870f,linux,x86_64,4,flatten,baseline,large,4.537
1785631430,81d7870f,linux,x86_64,4,flatten,all_transforms,medium,12.725
1785631430,81d7870f,linux,x86_64,4,flatten,regex_replacements,medium,9.228
1785631430,81d7870f,linux,x86_64,4,unflatten,baseline,medium,13.920
1785631430,81d7870f,linux,x86_64,4,normal,baseline,medium,6.294
1785631430,81d7870f,linux,x86_64,4,roundtrip,baseline,medium,14.002
1785631430,81d7870f,linux,x86_64,4,batch_flatten,parallel,10,19.936
1785631430,81d7870f,linux,x86_64,4,batch_flatten,parallel,100,95.184
1785631430,81d7870f,linux,x86_64,4,batch_flatten,sequential,100,152.227
1785635047,195e9ab5,macos,aarch64,3,flatten,baseline,small,1.248
1785635047,195e9ab5,macos,aarch64,3,flatten,baseline,medium,1.978
1785635047,195e9ab5,macos,aarch64,3,flatten,baseline,large,3.026
1785635047,195e9ab5,macos,aarch64,3,flatten,all_transforms,medium,8.748
1785635047,195e9ab5,macos,aarch64,3,flatten,regex_replacements,medium,5.779
1785635047,195e9ab5,macos,aarch64,3,unflatten,baseline,medium,9.646
1785635047,195e9ab5,macos,aarch64,3,normal,baseline,medium,4.453
1785635047,195e9ab5,macos,aarch64,3,roundtrip,baseline,medium,9.445
1785635047,195e9ab5,macos,aarch64,3,batch_flatten,parallel,10,19.328
1785635047,195e9ab5,macos,aarch64,3,batch_flatten,parallel,100,69.517
1785635047,195e9ab5,macos,aarch64,3,batch_flatten,sequential,100,100.891
1785635226,195e9ab5,windows,x86_64,4,flatten,baseline,small,1.432
1785635226,195e9ab5,windows,x86_64,4,flatten,baseline,medium,2.405
1785635226,195e9ab5,windows,x86_64,4,flatten,baseline,large,3.870
1785635226,195e9ab5,windows,x86_64,4,flatten,all_transforms,medium,11.395
1785635226,195e9ab5,windows,x86_64,4,flatten,regex_replacements,medium,7.475
1785635226,195e9ab5,windows,x86_64,4,unflatten,baseline,medium,12.140
1785635226,195e9ab5,windows,x86_64,4,normal,baseline,medium,5.422
1785635226,195e9ab5,windows,x86_64,4,roundtrip,baseline,medium,11.938
1785635226,195e9ab5,windows,x86_64,4,batch_flatten,parallel,10,25.254
1785635226,195e9ab5,windows,x86_64,4,batch_flatten,parallel,100,90.442
1785635226,195e9ab5,windows,x86_64,4,batch_flatten,sequential,100,115.502
1785635074,195e9ab5,linux,x86_64,4,flatten,baseline,small,1.721
1785635074,195e9ab5,linux,x86_64,4,flatten,baseline,medium,2.999
1785635074,195e9ab5,linux,x86_64,4,flatten,baseline,large,4.544
1785635074,195e9ab5,linux,x86_64,4,flatten,all_transforms,medium,13.039
1785635074,195e9ab5,linux,x86_64,4,flatten,regex_replacements,medium,8.479
1785635074,195e9ab5,linux,x86_64,4,unflatten,baseline,medium,13.612
1785635074,195e9ab5,linux,x86_64,4,normal,baseline,medium,6.262
1785635074,195e9ab5,linux,x86_64,4,roundtrip,baseline,medium,13.665
1785635074,195e9ab5,linux,x86_64,4,batch_flatten,parallel,10,20.377
1785635074,195e9ab5,linux,x86_64,4,batch_flatten,parallel,100,100.645
1785635074,195e9ab5,linux,x86_64,4,batch_flatten,sequential,100,151.568
1785643176,7856ce26,macos,aarch64,3,flatten,baseline,small,1.698
1785643176,7856ce26,macos,aarch64,3,flatten,baseline,medium,2.377
1785643176,7856ce26,macos,aarch64,3,flatten,baseline,large,3.935
1785643176,7856ce26,macos,aarch64,3,flatten,all_transforms,medium,11.314
1785643176,7856ce26,macos,aarch64,3,flatten,regex_replacements,medium,7.436
1785643176,7856ce26,macos,aarch64,3,unflatten,baseline,medium,12.603
1785643176,7856ce26,macos,aarch64,3,normal,baseline,medium,6.821
1785643176,7856ce26,macos,aarch64,3,roundtrip,baseline,medium,12.606
1785643176,7856ce26,macos,aarch64,3,batch_flatten,parallel,10,33.574
1785643176,7856ce26,macos,aarch64,3,batch_flatten,parallel,100,141.267
1785643176,7856ce26,macos,aarch64,3,batch_flatten,sequential,100,154.048
1785643218,7856ce26,windows,x86_64,4,flatten,baseline,small,2.117
1785643218,7856ce26,windows,x86_64,4,flatten,baseline,medium,3.365
1785643218,7856ce26,windows,x86_64,4,flatten,baseline,large,5.029
1785643218,7856ce26,windows,x86_64,4,flatten,all_transforms,medium,17.756
1785643218,7856ce26,windows,x86_64,4,flatten,regex_replacements,medium,9.567
1785643218,7856ce26,windows,x86_64,4,unflatten,baseline,medium,15.215
1785643218,7856ce26,windows,x86_64,4,normal,baseline,medium,8.084
1785643218,7856ce26,windows,x86_64,4,roundtrip,baseline,medium,15.236
1785643218,7856ce26,windows,x86_64,4,batch_flatten,parallel,10,42.116
1785643218,7856ce26,windows,x86_64,4,batch_flatten,parallel,100,139.057
1785643218,7856ce26,windows,x86_64,4,batch_flatten,sequential,100,151.490
1785643110,7856ce26,linux,x86_64,4,flatten,baseline,small,1.554
1785643110,7856ce26,linux,x86_64,4,flatten,baseline,medium,2.749
1785643110,7856ce26,linux,x86_64,4,flatten,baseline,large,4.171
1785643110,7856ce26,linux,x86_64,4,flatten,all_transforms,medium,11.635
1785643110,7856ce26,linux,x86_64,4,flatten,regex_replacements,medium,8.138
1785643110,7856ce26,linux,x86_64,4,unflatten,baseline,medium,13.944
1785643110,7856ce26,linux,x86_64,4,normal,baseline,medium,5.780
1785643110,7856ce26,linux,x86_64,4,roundtrip,baseline,medium,13.829
1785643110,7856ce26,linux,x86_64,4,batch_flatten,parallel,10,21.402
1785643110,7856ce26,linux,x86_64,4,batch_flatten,parallel,100,99.710
1785643110,7856ce26,linux,x86_64,4,batch_flatten,sequential,100,140.606
1785646761,0e183152,macos,aarch64,3,flatten,baseline,small,1.166
1785646761,0e183152,macos,aarch64,3,flatten,baseline,medium,1.848
1785646761,0e183152,macos,aarch64,3,flatten,baseline,large,2.853
1785646761,0e183152,macos,aarch64,3,flatten,all_transforms,medium,8.218
1785646761,0e183152,macos,aarch64,3,flatten,regex_replacements,medium,5.400
1785646761,0e183152,macos,aarch64,3,unflatten,baseline,medium,10.639
1785646761,0e183152,macos,aarch64,3,normal,baseline,medium,4.617
1785646761,0e183152,macos,aarch64,3,roundtrip,baseline,medium,10.918
1785646761,0e183152,macos,aarch64,3,batch_flatten,parallel,10,38.161
1785646761,0e183152,macos,aarch64,3,batch_flatten,parallel,100,20367.974
1785646761,0e183152,macos,aarch64,3,batch_flatten,sequential,100,130.297
1785646849,0e183152,windows,x86_64,4,flatten,baseline,small,2.047
1785646849,0e183152,windows,x86_64,4,flatten,baseline,medium,4.025
1785646849,0e183152,windows,x86_64,4,flatten,baseline,large,5.151
1785646849,0e183152,windows,x86_64,4,flatten,all_transforms,medium,18.644
1785646849,0e183152,windows,x86_64,4,flatten,regex_replacements,medium,12.774
1785646849,0e183152,windows,x86_64,4,unflatten,baseline,medium,21.838
1785646849,0e183152,windows,x86_64,4,normal,baseline,medium,10.718
1785646849,0e183152,windows,x86_64,4,roundtrip,baseline,medium,21.880
1785646849,0e183152,windows,x86_64,4,batch_flatten,parallel,10,52.250
1785646849,0e183152,windows,x86_64,4,batch_flatten,parallel,100,225.400
1785646849,0e183152,windows,x86_64,4,batch_flatten,sequential,100,207.570
1785646737,0e183152,linux,x86_64,4,flatten,baseline,small,1.727
1785646737,0e183152,linux,x86_64,4,flatten,baseline,medium,3.017
1785646737,0e183152,linux,x86_64,4,flatten,baseline,large,4.534
1785646737,0e183152,linux,x86_64,4,flatten,all_transforms,medium,12.423
1785646737,0e183152,linux,x86_64,4,flatten,regex_replacements,medium,7.983
1785646737,0e183152,linux,x86_64,4,unflatten,baseline,medium,13.829
1785646737,0e183152,linux,x86_64,4,normal,baseline,medium,6.423
1785646737,0e183152,linux,x86_64,4,roundtrip,baseline,medium,13.769
1785646737,0e183152,linux,x86_64,4,batch_flatten,parallel,10,20.225
1785646737,0e183152,linux,x86_64,4,batch_flatten,parallel,100,95.007
1785646737,0e183152,linux,x86_64,4,batch_flatten,sequential,100,156.656
1785727528,af568206,macos,aarch64,3,flatten,baseline,small,1.123
1785727528,af568206,macos,aarch64,3,flatten,baseline,medium,1.831
1785727528,af568206,macos,aarch64,3,flatten,baseline,large,2.802
1785727528,af568206,macos,aarch64,3,flatten,all_transforms,medium,8.125
1785727528,af568206,macos,aarch64,3,flatten,regex_replacements,medium,5.423
1785727528,af568206,macos,aarch64,3,unflatten,baseline,medium,8.272
1785727528,af568206,macos,aarch64,3,normal,baseline,medium,3.880
1785727528,af568206,macos,aarch64,3,roundtrip,baseline,medium,9.715
1785727528,af568206,macos,aarch64,3,batch_flatten,parallel,10,15.457
1785727528,af568206,macos,aarch64,3,batch_flatten,parallel,100,57.604
1785727528,af568206,macos,aarch64,3,batch_flatten,sequential,100,94.009
1785727539,af568206,windows,x86_64,4,flatten,baseline,small,1.910
1785727539,af568206,windows,x86_64,4,flatten,baseline,medium,3.229
1785727539,af568206,windows,x86_64,4,flatten,baseline,large,4.954
1785727539,af568206,windows,x86_64,4,flatten,all_transforms,medium,14.763
1785727539,af568206,windows,x86_64,4,flatten,regex_replacements,medium,9.321
1785727539,af568206,windows,x86_64,4,unflatten,baseline,medium,14.509
1785727539,af568206,windows,x86_64,4,normal,baseline,medium,7.351
1785727539,af568206,windows,x86_64,4,roundtrip,baseline,medium,14.504
1785727539,af568206,windows,x86_64,4,batch_flatten,parallel,10,52.187
1785727539,af568206,windows,x86_64,4,batch_flatten,parallel,100,137.759
1785727539,af568206,windows,x86_64,4,batch_flatten,sequential,100,148.207
1785727472,af568206,linux,x86_64,4,flatten,baseline,small,1.812
1785727472,af568206,linux,x86_64,4,flatten,baseline,medium,3.171
1785727472,af568206,linux,x86_64,4,flatten,baseline,large,4.942
1785727472,af568206,linux,x86_64,4,flatten,all_transforms,medium,12.689
1785727472,af568206,linux,x86_64,4,flatten,regex_replacements,medium,8.401
1785727472,af568206,linux,x86_64,4,unflatten,baseline,medium,14.804
1785727472,af568206,linux,x86_64,4,normal,baseline,medium,6.724
1785727472,af568206,linux,x86_64,4,roundtrip,baseline,medium,13.398
1785727472,af568206,linux,x86_64,4,batch_flatten,parallel,10,20.726
1785727472,af568206,linux,x86_64,4,batch_flatten,parallel,100,98.693
1785727472,af568206,linux,x86_64,4,batch_flatten,sequential,100,163.619
